split,category,stem,fog_path,archive_path,low_band_ratio_0p01_0p05,high_band_ratio_0p15_0p24
test,apparel,image0000,VerticalFilter_MediumFog_Redo_3-21-26_aligned/apparel/image0000.jpg,archive_gt_matched/apparel/image0000.jpg,0.014694335440496404,0.002044462431647329
test,apparel,image0010,VerticalFilter_MediumFog_Redo_3-21-26_aligned/apparel/image0010.jpg,archive_gt_matched/apparel/image0010.jpg,0.011081331928796321,0.0015834053929299798
test,apparel,image0020,VerticalFilter_MediumFog_Redo_3-21-26_aligned/apparel/image0020.jpg,archive_gt_matched/apparel/image0020.jpg,0.0344762963145834,0.005082291879852293
test,apparel,image0030,VerticalFilter_MediumFog_Redo_3-21-26_aligned/apparel/image0030.jpg,archive_gt_matched/apparel/image0030.jpg,0.024751751231398753,0.0025254523407742804
test,apparel,image0040,VerticalFilter_MediumFog_Redo_3-21-26_aligned/apparel/image0040.jpg,archive_gt_matched/apparel/image0040.jpg,0.021593225400563312,0.12058140003873327
test,apparel,image0050,VerticalFilter_MediumFog_Redo_3-21-26_aligned/apparel/image0050.jpg,archive_gt_matched/apparel/image0050.jpg,0.023706416648144553,0.00701355874562646
test,apparel,image0060,VerticalFilter_MediumFog_Redo_3-21-26_aligned/apparel/image0060.jpg,archive_gt_matched/apparel/image0060.jpg,0.017073328515206414,0.005077171425750803
test,apparel,image0070,VerticalFilter_MediumFog_Redo_3-21-26_aligned/apparel/image0070.jpg,archive_gt_matched/apparel/image0070.jpg,0.022972309451460268,0.002236922142213308
test,apparel,image0080,VerticalFilter_MediumFog_Redo_3-21-26_aligned/apparel/image0080.jpg,archive_gt_matched/apparel/image0080.jpg,0.03218336436602047,0.00116526585574004
test,apparel,image0090,VerticalFilter_MediumFog_Redo_3-21-26_aligned/apparel/image0090.jpg,archive_gt_matched/apparel/image0090.jpg,0.026569224605715556,0.002742346463084458
test,apparel,image0100,VerticalFilter_MediumFog_Redo_3-21-26_aligned/apparel/image0100.jpg,archive_gt_matched/apparel/image0100.jpg,0.025850347377251635,0.0013211994048896237
test,apparel,image0110,VerticalFilter_MediumFog_Redo_3-21-26_aligned/apparel/image0110.jpg,archive_gt_matched/apparel/image0110.jpg,0.04961881971373711,0.0029784399849660144
test,apparel,image0120,VerticalFilter_MediumFog_Redo_3-21-26_aligned/apparel/image0120.jpg,archive_gt_matched/apparel/image0120.jpg,0.027388245178196213,0.0022307827855089692
test,apparel,image0130,VerticalFilter_MediumFog_Redo_3-21-26_aligned/apparel/image0130.jpg,archive_gt_matched/apparel/image0130.jpg,0.03265539630765717,0.0018794103578894856
test,apparel,image0140,VerticalFilter_MediumFog_Redo_3-21-26_aligned/apparel/image0140.jpg,archive_gt_matched/apparel/image0140.jpg,0.038095938056510514,0.002569638302182802
test,apparel,image0150,VerticalFilter_MediumFog_Redo_3-21-26_aligned/apparel/image0150.jpg,archive_gt_matched/apparel/image0150.jpg,0.04343329664380397,0.002440644186085362
test,apparel,image0160,VerticalFilter_MediumFog_Redo_3-21-26_aligned/apparel/image0160.jpg,archive_gt_matched/apparel/image0160.jpg,0.039242916927651625,0.001925923350087244
test,apparel,image0170,VerticalFilter_MediumFog_Redo_3-21-26_aligned/apparel/image0170.jpg,archive_gt_matched/apparel/image0170.jpg,0.039260669323163,0.001348680424791523
test,apparel,image0180,VerticalFilter_MediumFog_Redo_3-21-26_aligned/apparel/image0180.jpg,archive_gt_matched/apparel/image0180.jpg,0.0364313185198831,0.0018061619105477406
test,apparel,image0190,VerticalFilter_MediumFog_Redo_3-21-26_aligned/apparel/image0190.jpg,archive_gt_matched/apparel/image0190.jpg,0.12239261963328707,0.016341095414644017
test,apparel,image0200,VerticalFilter_MediumFog_Redo_3-21-26_aligned/apparel/image0200.jpg,archive_gt_matched/apparel/image0200.jpg,0.15772719495053414,0.008376998612437852
test,apparel,image0210,VerticalFilter_MediumFog_Redo_3-21-26_aligned/apparel/image0210.jpg,archive_gt_matched/apparel/image0210.jpg,0.07471853341867155,0.008886749935102073
test,apparel,image0220,VerticalFilter_MediumFog_Redo_3-21-26_aligned/apparel/image0220.jpg,archive_gt_matched/apparel/image0220.jpg,0.08633391831643854,0.0048280131004939
test,apparel,image0230,VerticalFilter_MediumFog_Redo_3-21-26_aligned/apparel/image0230.jpg,archive_gt_matched/apparel/image0230.jpg,0.07101228843253898,0.0030873049811065132
test,apparel,image0240,VerticalFilter_MediumFog_Redo_3-21-26_aligned/apparel/image0240.jpg,archive_gt_matched/apparel/image0240.jpg,0.04627801013762223,0.002340585981232975
test,apparel,image0250,VerticalFilter_MediumFog_Redo_3-21-26_aligned/apparel/image0250.jpg,archive_gt_matched/apparel/image0250.jpg,0.0548957448254518,0.002750779921645912
test,apparel,image0260,VerticalFilter_MediumFog_Redo_3-21-26_aligned/apparel/image0260.jpg,archive_gt_matched/apparel/image0260.jpg,0.04762846086311343,0.007049498311262396
test,apparel,image0270,VerticalFilter_MediumFog_Redo_3-21-26_aligned/apparel/image0270.jpg,archive_gt_matched/apparel/image0270.jpg,0.06842649858709247,0.0047715638074347
test,apparel,image0280,VerticalFilter_MediumFog_Redo_3-21-26_aligned/apparel/image0280.jpg,archive_gt_matched/apparel/image0280.jpg,0.22685827796601604,0.026939779360074755
test,apparel,image0290,VerticalFilter_MediumFog_Redo_3-21-26_aligned/apparel/image0290.jpg,archive_gt_matched/apparel/image0290.jpg,0.09675693549043171,0.008030673002382376
test,apparel,image0300,VerticalFilter_MediumFog_Redo_3-21-26_aligned/apparel/image0300.jpg,archive_gt_matched/apparel/image0300.jpg,0.10867923993624815,0.009047684119033578
test,apparel,image0310,VerticalFilter_MediumFog_Redo_3-21-26_aligned/apparel/image0310.jpg,archive_gt_matched/apparel/image0310.jpg,0.05815147311237011,0.005098342042904433
test,apparel,image0320,VerticalFilter_MediumFog_Redo_3-21-26_aligned/apparel/image0320.jpg,archive_gt_matched/apparel/image0320.jpg,0.07589968904296132,0.005696049034430845
test,apparel,image0330,VerticalFilter_MediumFog_Redo_3-21-26_aligned/apparel/image0330.jpg,archive_gt_matched/apparel/image0330.jpg,0.053260322630265394,0.0013525991607948075
test,apparel,image0340,VerticalFilter_MediumFog_Redo_3-21-26_aligned/apparel/image0340.jpg,archive_gt_matched/apparel/image0340.jpg,0.05514366320847321,0.0026902118008153967
test,apparel,image0350,VerticalFilter_MediumFog_Redo_3-21-26_aligned/apparel/image0350.jpg,archive_gt_matched/apparel/image0350.jpg,0.0583296140094763,0.004231838576276658
test,apparel,image0360,VerticalFilter_MediumFog_Redo_3-21-26_aligned/apparel/image0360.jpg,archive_gt_matched/apparel/image0360.jpg,0.04872647351369841,0.002450022981657957
test,apparel,image0370,VerticalFilter_MediumFog_Redo_3-21-26_aligned/apparel/image0370.jpg,archive_gt_matched/apparel/image0370.jpg,0.06556822027185574,0.0030548679078320285
test,apparel,image0380,VerticalFilter_MediumFog_Redo_3-21-26_aligned/apparel/image0380.jpg,archive_gt_matched/apparel/image0380.jpg,0.3411943510552682,0.06930170616562814
test,apparel,image0390,VerticalFilter_MediumFog_Redo_3-21-26_aligned/apparel/image0390.jpg,archive_gt_matched/apparel/image0390.jpg,0.11149618970980477,0.011509542397217784
test,apparel,image0400,VerticalFilter_MediumFog_Redo_3-21-26_aligned/apparel/image0400.jpg,archive_gt_matched/apparel/image0400.jpg,0.13457092360427453,0.015968441136918313
test,apparel,image0410,VerticalFilter_MediumFog_Redo_3-21-26_aligned/apparel/image0410.jpg,archive_gt_matched/apparel/image0410.jpg,0.09708853187748426,0.005693932698050549
test,apparel,image0420,VerticalFilter_MediumFog_Redo_3-21-26_aligned/apparel/image0420.jpg,archive_gt_matched/apparel/image0420.jpg,0.05464585366885723,0.005049792120315551
test,apparel,image0430,VerticalFilter_MediumFog_Redo_3-21-26_aligned/apparel/image0430.jpg,archive_gt_matched/apparel/image0430.jpg,0.09555456480785003,0.006355780186981771
test,apparel,image0440,VerticalFilter_MediumFog_Redo_3-21-26_aligned/apparel/image0440.jpg,archive_gt_matched/apparel/image0440.jpg,0.07909860548195134,0.006792919905539248
test,apparel,image0450,VerticalFilter_MediumFog_Redo_3-21-26_aligned/apparel/image0450.jpg,archive_gt_matched/apparel/image0450.jpg,0.22321222268188015,0.015875371919325313
test,apparel,image0460,VerticalFilter_MediumFog_Redo_3-21-26_aligned/apparel/image0460.jpg,archive_gt_matched/apparel/image0460.jpg,0.19657258126515192,0.014467966117081807
test,apparel,image0470,VerticalFilter_MediumFog_Redo_3-21-26_aligned/apparel/image0470.jpg,archive_gt_matched/apparel/image0470.jpg,0.10105938514175347,0.004961088334305414
test,apparel,image0480,VerticalFilter_MediumFog_Redo_3-21-26_aligned/apparel/image0480.jpg,archive_gt_matched/apparel/image0480.jpg,0.18761036150023497,0.012266460804859965
test,apparel,image0490,VerticalFilter_MediumFog_Redo_3-21-26_aligned/apparel/image0490.jpg,archive_gt_matched/apparel/image0490.jpg,0.13149058778252282,0.014618335225614714
test,apparel,image0500,VerticalFilter_MediumFog_Redo_3-21-26_aligned/apparel/image0500.jpg,archive_gt_matched/apparel/image0500.jpg,0.07959585804506067,0.0064407959550660965
test,apparel,image0510,VerticalFilter_MediumFog_Redo_3-21-26_aligned/apparel/image0510.jpg,archive_gt_matched/apparel/image0510.jpg,0.012211169138775636,0.0013696667555138779
test,apparel,image0520,VerticalFilter_MediumFog_Redo_3-21-26_aligned/apparel/image0520.jpg,archive_gt_matched/apparel/image0520.jpg,0.012542512138472916,0.0009397250658910577
test,apparel,image0530,VerticalFilter_MediumFog_Redo_3-21-26_aligned/apparel/image0530.jpg,archive_gt_matched/apparel/image0530.jpg,0.015299818445301854,0.0007423366365084483
test,apparel,image0540,VerticalFilter_MediumFog_Redo_3-21-26_aligned/apparel/image0540.jpg,archive_gt_matched/apparel/image0540.jpg,0.020057343877333496,0.03274707520715551
test,apparel,image0550,VerticalFilter_MediumFog_Redo_3-21-26_aligned/apparel/image0550.jpg,archive_gt_matched/apparel/image0550.jpg,0.017213955771815274,0.001174282576200891
test,apparel,image0560,VerticalFilter_MediumFog_Redo_3-21-26_aligned/apparel/image0560.jpg,archive_gt_matched/apparel/image0560.jpg,0.02253233191815728,0.000976091430822582
test,apparel,image0570,VerticalFilter_MediumFog_Redo_3-21-26_aligned/apparel/image0570.jpg,archive_gt_matched/apparel/image0570.jpg,0.009104955475403584,0.0014498940424231951
test,apparel,image0580,VerticalFilter_MediumFog_Redo_3-21-26_aligned/apparel/image0580.jpg,archive_gt_matched/apparel/image0580.jpg,0.022290797308020492,0.0038204518203678716
test,apparel,image0590,VerticalFilter_MediumFog_Redo_3-21-26_aligned/apparel/image0590.jpg,archive_gt_matched/apparel/image0590.jpg,0.00518878645480946,0.003759286612689966
test,apparel,image0600,VerticalFilter_MediumFog_Redo_3-21-26_aligned/apparel/image0600.jpg,archive_gt_matched/apparel/image0600.jpg,0.004251012760273436,0.000646201520691794
test,apparel,image0610,VerticalFilter_MediumFog_Redo_3-21-26_aligned/apparel/image0610.jpg,archive_gt_matched/apparel/image0610.jpg,0.006631225629061184,0.0033911456749005924
test,apparel,image0620,VerticalFilter_MediumFog_Redo_3-21-26_aligned/apparel/image0620.jpg,archive_gt_matched/apparel/image0620.jpg,0.005185856699987159,0.00035599397355501154
test,apparel,image0630,VerticalFilter_MediumFog_Redo_3-21-26_aligned/apparel/image0630.jpg,archive_gt_matched/apparel/image0630.jpg,0.007815406154397929,0.0008722627846856271
test,apparel,image0640,VerticalFilter_MediumFog_Redo_3-21-26_aligned/apparel/image0640.jpg,archive_gt_matched/apparel/image0640.jpg,0.013062455112460482,0.0012187850402744346
test,apparel,image0650,VerticalFilter_MediumFog_Redo_3-21-26_aligned/apparel/image0650.jpg,archive_gt_matched/apparel/image0650.jpg,0.011439558906702566,0.0008996927505119043
test,apparel,image0660,VerticalFilter_MediumFog_Redo_3-21-26_aligned/apparel/image0660.jpg,archive_gt_matched/apparel/image0660.jpg,0.015755910347030312,0.0007499115293412572
test,apparel,image0670,VerticalFilter_MediumFog_Redo_3-21-26_aligned/apparel/image0670.jpg,archive_gt_matched/apparel/image0670.jpg,0.01608574645557132,0.005549135684482672
test,apparel,image0680,VerticalFilter_MediumFog_Redo_3-21-26_aligned/apparel/image0680.jpg,archive_gt_matched/apparel/image0680.jpg,0.024381146606549838,0.002621113860079089
test,apparel,image0690,VerticalFilter_MediumFog_Redo_3-21-26_aligned/apparel/image0690.jpg,archive_gt_matched/apparel/image0690.jpg,0.016214794682310886,0.0012688872729171392
test,apparel,image0700,VerticalFilter_MediumFog_Redo_3-21-26_aligned/apparel/image0700.jpg,archive_gt_matched/apparel/image0700.jpg,0.02454659710745729,0.002088766679462056
test,apparel,image0710,VerticalFilter_MediumFog_Redo_3-21-26_aligned/apparel/image0710.jpg,archive_gt_matched/apparel/image0710.jpg,0.024287099830940413,0.004208327966485715
test,apparel,image0720,VerticalFilter_MediumFog_Redo_3-21-26_aligned/apparel/image0720.jpg,archive_gt_matched/apparel/image0720.jpg,0.015861814651528493,0.002057383108920562
test,apparel,image0730,VerticalFilter_MediumFog_Redo_3-21-26_aligned/apparel/image0730.jpg,archive_gt_matched/apparel/image0730.jpg,0.02092116774721406,0.004565805439092794
test,apparel,image0740,VerticalFilter_MediumFog_Redo_3-21-26_aligned/apparel/image0740.jpg,archive_gt_matched/apparel/image0740.jpg,0.01608973932782206,0.009089310468068549
test,apparel,image0750,VerticalFilter_MediumFog_Redo_3-21-26_aligned/apparel/image0750.jpg,archive_gt_matched/apparel/image0750.jpg,0.010866932082987571,0.0162733966147034
test,apparel,image0760,VerticalFilter_MediumFog_Redo_3-21-26_aligned/apparel/image0760.jpg,archive_gt_matched/apparel/image0760.jpg,0.006917843628265475,0.0057907090447222006
test,apparel,image0770,VerticalFilter_MediumFog_Redo_3-21-26_aligned/apparel/image0770.jpg,archive_gt_matched/apparel/image0770.jpg,0.010959409282610926,0.003308033579848753
test,apparel,image0780,VerticalFilter_MediumFog_Redo_3-21-26_aligned/apparel/image0780.jpg,archive_gt_matched/apparel/image0780.jpg,0.010568640812490596,0.001900844411558417
test,apparel,image0790,VerticalFilter_MediumFog_Redo_3-21-26_aligned/apparel/image0790.jpg,archive_gt_matched/apparel/image0790.jpg,0.012761993813959713,0.004680467024750846
test,apparel,image0800,VerticalFilter_MediumFog_Redo_3-21-26_aligned/apparel/image0800.jpg,archive_gt_matched/apparel/image0800.jpg,0.013775739277433308,0.002858491731480986
test,apparel,image0810,VerticalFilter_MediumFog_Redo_3-21-26_aligned/apparel/image0810.jpg,archive_gt_matched/apparel/image0810.jpg,0.011487839151198019,0.001629956683064633
test,apparel,image0820,VerticalFilter_MediumFog_Redo_3-21-26_aligned/apparel/image0820.jpg,archive_gt_matched/apparel/image0820.jpg,0.01541839983375608,0.001436412788581463
test,apparel,image0830,VerticalFilter_MediumFog_Redo_3-21-26_aligned/apparel/image0830.jpg,archive_gt_matched/apparel/image0830.jpg,0.020424860476879518,0.000912350750193119
test,apparel,image0840,VerticalFilter_MediumFog_Redo_3-21-26_aligned/apparel/image0840.jpg,archive_gt_matched/apparel/image0840.jpg,0.004860554976957246,0.00042666980419656943
test,apparel,image0850,VerticalFilter_MediumFog_Redo_3-21-26_aligned/apparel/image0850.jpg,archive_gt_matched/apparel/image0850.jpg,0.0075720591274898545,0.0010636895088789217
test,apparel,image0860,VerticalFilter_MediumFog_Redo_3-21-26_aligned/apparel/image0860.jpg,archive_gt_matched/apparel/image0860.jpg,0.006785631368410015,0.0009858795175272683
test,apparel,image0870,VerticalFilter_MediumFog_Redo_3-21-26_aligned/apparel/image0870.jpg,archive_gt_matched/apparel/image0870.jpg,0.0077076497981081165,0.0005268185705470438
test,apparel,image0880,VerticalFilter_MediumFog_Redo_3-21-26_aligned/apparel/image0880.jpg,archive_gt_matched/apparel/image0880.jpg,0.0075748837927430345,0.0005955016844090935
test,apparel,image0890,VerticalFilter_MediumFog_Redo_3-21-26_aligned/apparel/image0890.jpg,archive_gt_matched/apparel/image0890.jpg,0.015336866160857898,0.0010771453782324543
test,apparel,image0900,VerticalFilter_MediumFog_Redo_3-21-26_aligned/apparel/image0900.jpg,archive_gt_matched/apparel/image0900.jpg,0.025311210650707777,0.010349566122399154
test,apparel,image0910,VerticalFilter_MediumFog_Redo_3-21-26_aligned/apparel/image0910.jpg,archive_gt_matched/apparel/image0910.jpg,0.014423731778865814,0.0017022272106041768
test,artwork,image0000,VerticalFilter_MediumFog_Redo_3-21-26_aligned/artwork/image0000.jpeg,archive_gt_matched/artwork/image0000.jpeg,0.014347377639967844,0.0008273866700098661
test,artwork,image0010,VerticalFilter_MediumFog_Redo_3-21-26_aligned/artwork/image0010.jpeg,archive_gt_matched/artwork/image0010.jpeg,0.025785845159395887,0.002590722777822925
test,artwork,image0020,VerticalFilter_MediumFog_Redo_3-21-26_aligned/artwork/image0020.jpeg,archive_gt_matched/artwork/image0020.jpeg,0.02678681749744263,0.0022256204084038166
test,artwork,image0030,VerticalFilter_MediumFog_Redo_3-21-26_aligned/artwork/image0030.jpeg,archive_gt_matched/artwork/image0030.jpeg,0.018346456161969324,0.002954018104943857
test,artwork,image0040,VerticalFilter_MediumFog_Redo_3-21-26_aligned/artwork/image0040.jpeg,archive_gt_matched/artwork/image0040.jpeg,0.02001316874787231,0.002389650096143341
test,artwork,image0050,VerticalFilter_MediumFog_Redo_3-21-26_aligned/artwork/image0050.jpeg,archive_gt_matched/artwork/image0050.jpeg,0.01683927604667724,0.0021040569964596704
test,artwork,image0060,VerticalFilter_MediumFog_Redo_3-21-26_aligned/artwork/image0060.jpeg,archive_gt_matched/artwork/image0060.jpeg,0.048627670341247965,0.004088251536844411
test,artwork,image0070,VerticalFilter_MediumFog_Redo_3-21-26_aligned/artwork/image0070.jpeg,archive_gt_matched/artwork/image0070.jpeg,0.021952336877169427,0.002449433116181909
test,artwork,image0080,VerticalFilter_MediumFog_Redo_3-21-26_aligned/artwork/image0080.jpeg,archive_gt_matched/artwork/image0080.jpeg,0.0412827715145326,0.0038763804383740636
test,artwork,image0090,VerticalFilter_MediumFog_Redo_3-21-26_aligned/artwork/image0090.jpeg,archive_gt_matched/artwork/image0090.jpeg,0.036744163606702344,0.0030102646070875112
test,artwork,image0100,VerticalFilter_MediumFog_Redo_3-21-26_aligned/artwork/image0100.jpeg,archive_gt_matched/artwork/image0100.jpeg,0.031633977553227624,0.002913135747521337
test,artwork,image0110,VerticalFilter_MediumFog_Redo_3-21-26_aligned/artwork/image0110.jpeg,archive_gt_matched/artwork/image0110.jpeg,0.025563367993567912,0.0019348318862935543
test,artwork,image0120,VerticalFilter_MediumFog_Redo_3-21-26_aligned/artwork/image0120.jpeg,archive_gt_matched/artwork/image0120.jpeg,0.042634532094026595,0.004184994978892773
test,artwork,image0130,VerticalFilter_MediumFog_Redo_3-21-26_aligned/artwork/image0130.jpeg,archive_gt_matched/artwork/image0130.jpeg,0.09948627347824286,0.006514782167963048
test,artwork,image0140,VerticalFilter_MediumFog_Redo_3-21-26_aligned/artwork/image0140.jpeg,archive_gt_matched/artwork/image0140.jpeg,0.05426497718538187,0.0028437999191682876
test,artwork,image0150,VerticalFilter_MediumFog_Redo_3-21-26_aligned/artwork/image0150.jpeg,archive_gt_matched/artwork/image0150.jpeg,0.0860295639878336,0.00776805863944384
test,artwork,image0160,VerticalFilter_MediumFog_Redo_3-21-26_aligned/artwork/image0160.jpeg,archive_gt_matched/artwork/image0160.jpeg,0.08412256197756729,0.0074338725200161606
test,artwork,image0170,VerticalFilter_MediumFog_Redo_3-21-26_aligned/artwork/image0170.jpeg,archive_gt_matched/artwork/image0170.jpeg,0.084078576740835,0.004532698710005144
test,artwork,image0180,VerticalFilter_MediumFog_Redo_3-21-26_aligned/artwork/image0180.jpeg,archive_gt_matched/artwork/image0180.jpeg,0.10951590960625626,0.005874723513675858
test,artwork,image0190,VerticalFilter_MediumFog_Redo_3-21-26_aligned/artwork/image0190.jpeg,archive_gt_matched/artwork/image0190.jpeg,0.09715419723971963,0.07294334740218367
test,artwork,image0200,VerticalFilter_MediumFog_Redo_3-21-26_aligned/artwork/image0200.jpeg,archive_gt_matched/artwork/image0200.jpeg,0.07916495063107484,0.00294682188350994
test,artwork,image0210,VerticalFilter_MediumFog_Redo_3-21-26_aligned/artwork/image0210.jpeg,archive_gt_matched/artwork/image0210.jpeg,0.08244612232401673,0.006173535278745577
test,artwork,image0220,VerticalFilter_MediumFog_Redo_3-21-26_aligned/artwork/image0220.jpeg,archive_gt_matched/artwork/image0220.jpeg,0.05743305824403967,0.0033644941895436212
test,artwork,image0230,VerticalFilter_MediumFog_Redo_3-21-26_aligned/artwork/image0230.jpeg,archive_gt_matched/artwork/image0230.jpeg,0.0701055208349883,0.005204207530918574
test,artwork,image0240,VerticalFilter_MediumFog_Redo_3-21-26_aligned/artwork/image0240.jpeg,archive_gt_matched/artwork/image0240.jpeg,0.09841760197740612,0.007582872789640876
test,artwork,image0250,VerticalFilter_MediumFog_Redo_3-21-26_aligned/artwork/image0250.jpeg,archive_gt_matched/artwork/image0250.jpeg,0.06460813831073746,0.003178973846683332
test,artwork,image0260,VerticalFilter_MediumFog_Redo_3-21-26_aligned/artwork/image0260.jpeg,archive_gt_matched/artwork/image0260.jpeg,0.10078548445240103,0.01003368123780916
test,artwork,image0270,VerticalFilter_MediumFog_Redo_3-21-26_aligned/artwork/image0270.png,archive_gt_matched/artwork/image0270.png,0.10039916253795242,0.004149988711164997
test,artwork,image0280,VerticalFilter_MediumFog_Redo_3-21-26_aligned/artwork/image0280.png,archive_gt_matched/artwork/image0280.png,0.1307997336784355,0.010710496896651944
test,artwork,image0290,VerticalFilter_MediumFog_Redo_3-21-26_aligned/artwork/image0290.png,archive_gt_matched/artwork/image0290.png,0.12015346768006105,0.009607420175393781
test,artwork,image0300,VerticalFilter_MediumFog_Redo_3-21-26_aligned/artwork/image0300.jpeg,archive_gt_matched/artwork/image0300.jpeg,0.24070508981911487,0.01392172888528427
test,artwork,image0310,VerticalFilter_MediumFog_Redo_3-21-26_aligned/artwork/image0310.jpeg,archive_gt_matched/artwork/image0310.jpeg,0.23220731214872875,0.016642133916105063
test,artwork,image0320,VerticalFilter_MediumFog_Redo_3-21-26_aligned/artwork/image0320.jpeg,archive_gt_matched/artwork/image0320.jpeg,0.08700952336999418,0.005707767234452951
test,artwork,image0330,VerticalFilter_MediumFog_Redo_3-21-26_aligned/artwork/image0330.jpeg,archive_gt_matched/artwork/image0330.jpeg,0.13021122918830974,0.012632492755658984
test,artwork,image0340,VerticalFilter_MediumFog_Redo_3-21-26_aligned/artwork/image0340.jpeg,archive_gt_matched/artwork/image0340.jpeg,0.07760446179610582,0.0032924676196691123
test,artwork,image0350,VerticalFilter_MediumFog_Redo_3-21-26_aligned/artwork/image0350.jpeg,archive_gt_matched/artwork/image0350.jpeg,0.08693191962475075,0.0055430784037304994
test,artwork,image0360,VerticalFilter_MediumFog_Redo_3-21-26_aligned/artwork/image0360.jpeg,archive_gt_matched/artwork/image0360.jpeg,0.11452430575581762,0.005873477247374012
test,artwork,image0370,VerticalFilter_MediumFog_Redo_3-21-26_aligned/artwork/image0370.jpeg,archive_gt_matched/artwork/image0370.jpeg,0.33014394529678087,0.022527030166005026
test,artwork,image0380,VerticalFilter_MediumFog_Redo_3-21-26_aligned/artwork/image0380.jpeg,archive_gt_matched/artwork/image0380.jpeg,1.2011394149570003,0.1604310176943131
test,artwork,image0390,VerticalFilter_MediumFog_Redo_3-21-26_aligned/artwork/image0390.jpeg,archive_gt_matched/artwork/image0390.jpeg,0.1226994389214647,0.009966959493349801
test,artwork,image0400,VerticalFilter_MediumFog_Redo_3-21-26_aligned/artwork/image0400.jpeg,archive_gt_matched/artwork/image0400.jpeg,0.13189351149863388,0.01580729563485652
test,artwork,image0410,VerticalFilter_MediumFog_Redo_3-21-26_aligned/artwork/image0410.jpeg,archive_gt_matched/artwork/image0410.jpeg,0.20938790132276575,0.044205407005978
test,artwork,image0420,VerticalFilter_MediumFog_Redo_3-21-26_aligned/artwork/image0420.jpeg,archive_gt_matched/artwork/image0420.jpeg,0.20744949701162252,0.0106352220044735
test,artwork,image0430,VerticalFilter_MediumFog_Redo_3-21-26_aligned/artwork/image0430.jpeg,archive_gt_matched/artwork/image0430.jpeg,0.17174557990081973,0.008951812657736412
test,artwork,image0440,VerticalFilter_MediumFog_Redo_3-21-26_aligned/artwork/image0440.jpeg,archive_gt_matched/artwork/image0440.jpeg,0.3045250655662458,0.01754195686726584
test,artwork,image0450,VerticalFilter_MediumFog_Redo_3-21-26_aligned/artwork/image0450.jpeg,archive_gt_matched/artwork/image0450.jpeg,0.1586877254115589,0.008001132773839823
test,artwork,image0460,VerticalFilter_MediumFog_Redo_3-21-26_aligned/artwork/image0460.jpeg,archive_gt_matched/artwork/image0460.jpeg,0.06893891163031984,0.0038226445022745597
test,artwork,image0470,VerticalFilter_MediumFog_Redo_3-21-26_aligned/artwork/image0470.jpeg,archive_gt_matched/artwork/image0470.jpeg,0.11033096503089473,0.006265107360155186
test,artwork,image0480,VerticalFilter_MediumFog_Redo_3-21-26_aligned/artwork/image0480.jpeg,archive_gt_matched/artwork/image0480.jpeg,0.173954292960043,0.011970143823166144
test,artwork,image0490,VerticalFilter_MediumFog_Redo_3-21-26_aligned/artwork/image0490.jpeg,archive_gt_matched/artwork/image0490.jpeg,0.11509489505512757,0.0048624876849801615
test,artwork,image0500,VerticalFilter_MediumFog_Redo_3-21-26_aligned/artwork/image0500.jpeg,archive_gt_matched/artwork/image0500.jpeg,0.17521442614530877,0.006324131551070462
test,artwork,image0510,VerticalFilter_MediumFog_Redo_3-21-26_aligned/artwork/image0510.jpeg,archive_gt_matched/artwork/image0510.jpeg,0.016819143375188677,0.002121096049934047
test,artwork,image0520,VerticalFilter_MediumFog_Redo_3-21-26_aligned/artwork/image0520.jpeg,archive_gt_matched/artwork/image0520.jpeg,0.012133235906946479,0.0007973373338575074
test,artwork,image0530,VerticalFilter_MediumFog_Redo_3-21-26_aligned/artwork/image0530.jpeg,archive_gt_matched/artwork/image0530.jpeg,0.025090536225737106,0.0027071132104160124
test,artwork,image0540,VerticalFilter_MediumFog_Redo_3-21-26_aligned/artwork/image0540.jpeg,archive_gt_matched/artwork/image0540.jpeg,0.021860188130177236,0.0019361021234322884
test,artwork,image0550,VerticalFilter_MediumFog_Redo_3-21-26_aligned/artwork/image0550.jpeg,archive_gt_matched/artwork/image0550.jpeg,0.03148120045968382,0.0042779350091787325
test,artwork,image0560,VerticalFilter_MediumFog_Redo_3-21-26_aligned/artwork/image0560.jpeg,archive_gt_matched/artwork/image0560.jpeg,0.03421605486805339,0.0032717531977629116
test,artwork,image0570,VerticalFilter_MediumFog_Redo_3-21-26_aligned/artwork/image0570.jpeg,archive_gt_matched/artwork/image0570.jpeg,0.009543556547459229,0.0029543980234371134
test,artwork,image0580,VerticalFilter_MediumFog_Redo_3-21-26_aligned/artwork/image0580.jpeg,archive_gt_matched/artwork/image0580.jpeg,0.027136029858778304,0.0015719469508709931
test,artwork,image0591,VerticalFilter_MediumFog_Redo_3-21-26_aligned/artwork/image0591.jpeg,archive_gt_matched/artwork/image0591.jpeg,0.008478973869526429,0.0017636113951960488
test,artwork,image0601,VerticalFilter_MediumFog_Redo_3-21-26_aligned/artwork/image0601.jpeg,archive_gt_matched/artwork/image0601.jpeg,0.005456096806756473,0.0032473279780154
test,artwork,image0611,VerticalFilter_MediumFog_Redo_3-21-26_aligned/artwork/image0611.jpeg,archive_gt_matched/artwork/image0611.jpeg,0.01045889416612451,0.0013090006125822938
test,artwork,image0621,VerticalFilter_MediumFog_Redo_3-21-26_aligned/artwork/image0621.jpeg,archive_gt_matched/artwork/image0621.jpeg,0.009484311772647577,0.010308910589875105
test,artwork,image0631,VerticalFilter_MediumFog_Redo_3-21-26_aligned/artwork/image0631.jpeg,archive_gt_matched/artwork/image0631.jpeg,0.010737153540983611,0.0023632733323872505
test,artwork,image0641,VerticalFilter_MediumFog_Redo_3-21-26_aligned/artwork/image0641.jpeg,archive_gt_matched/artwork/image0641.jpeg,0.01127057380231317,0.0012273587149942652
test,artwork,image0651,VerticalFilter_MediumFog_Redo_3-21-26_aligned/artwork/image0651.jpeg,archive_gt_matched/artwork/image0651.jpeg,0.03024681134491127,0.0035153137599179584
test,artwork,image0661,VerticalFilter_MediumFog_Redo_3-21-26_aligned/artwork/image0661.jpeg,archive_gt_matched/artwork/image0661.jpeg,0.008458126916560022,0.009364459609882168
test,artwork,image0671,VerticalFilter_MediumFog_Redo_3-21-26_aligned/artwork/image0671.jpeg,archive_gt_matched/artwork/image0671.jpeg,0.016700642040768536,0.003687505427726822
test,artwork,image0681,VerticalFilter_MediumFog_Redo_3-21-26_aligned/artwork/image0681.jpeg,archive_gt_matched/artwork/image0681.jpeg,0.020589083336557353,0.007604556743190247
test,artwork,image0691,VerticalFilter_MediumFog_Redo_3-21-26_aligned/artwork/image0691.jpeg,archive_gt_matched/artwork/image0691.jpeg,0.0656320229917528,0.003270965308307434
test,artwork,image0701,VerticalFilter_MediumFog_Redo_3-21-26_aligned/artwork/image0701.png,archive_gt_matched/artwork/image0701.png,0.012441318093445734,0.0008580370672673645
test,artwork,image0711,VerticalFilter_MediumFog_Redo_3-21-26_aligned/artwork/image0711.jpeg,archive_gt_matched/artwork/image0711.jpeg,0.044634933922959655,0.0019886792134109436
test,artwork,image0721,VerticalFilter_MediumFog_Redo_3-21-26_aligned/artwork/image0721.jpeg,archive_gt_matched/artwork/image0721.jpeg,0.0225601257896828,0.0010784367373954543
test,artwork,image0731,VerticalFilter_MediumFog_Redo_3-21-26_aligned/artwork/image0731.jpeg,archive_gt_matched/artwork/image0731.jpeg,0.024870784364761166,0.002117696106082383
test,artwork,image0741,VerticalFilter_MediumFog_Redo_3-21-26_aligned/artwork/image0741.jpeg,archive_gt_matched/artwork/image0741.jpeg,0.024476816088524846,0.002384744350723716
test,artwork,image0751,VerticalFilter_MediumFog_Redo_3-21-26_aligned/artwork/image0751.jpeg,archive_gt_matched/artwork/image0751.jpeg,0.01520065563574161,0.0015366170256308764
test,artwork,image0761,VerticalFilter_MediumFog_Redo_3-21-26_aligned/artwork/image0761.jpeg,archive_gt_matched/artwork/image0761.jpeg,0.014910879213735337,0.0010377336926026745
test,artwork,image0771,VerticalFilter_MediumFog_Redo_3-21-26_aligned/artwork/image0771.jpeg,archive_gt_matched/artwork/image0771.jpeg,0.009003544654306798,0.0006201129638419181
test,artwork,image0781,VerticalFilter_MediumFog_Redo_3-21-26_aligned/artwork/image0781.png,archive_gt_matched/artwork/image0781.png,0.0121053479428716,0.0009585977135070605
test,artwork,image0791,VerticalFilter_MediumFog_Redo_3-21-26_aligned/artwork/image0791.jpeg,archive_gt_matched/artwork/image0791.jpeg,0.01711390996961834,0.002215748429619041
test,artwork,image0801,VerticalFilter_MediumFog_Redo_3-21-26_aligned/artwork/image0801.jpeg,archive_gt_matched/artwork/image0801.jpeg,0.013133988828659585,0.0007641576430432378
test,artwork,image0811,VerticalFilter_MediumFog_Redo_3-21-26_aligned/artwork/image0811.jpeg,archive_gt_matched/artwork/image0811.jpeg,0.013364634023593343,0.0017170742789227222
test,artwork,image0821,VerticalFilter_MediumFog_Redo_3-21-26_aligned/artwork/image0821.jpeg,archive_gt_matched/artwork/image0821.jpeg,0.02939515612560014,0.0071314243517324434
test,artwork,image0831,VerticalFilter_MediumFog_Redo_3-21-26_aligned/artwork/image0831.jpeg,archive_gt_matched/artwork/image0831.jpeg,0.039256309353671054,0.001703805791303431
test,artwork,image0842,VerticalFilter_MediumFog_Redo_3-21-26_aligned/artwork/image0842.jpeg,archive_gt_matched/artwork/image0842.jpeg,0.0027443296987004853,0.0005174399598904249
test,artwork,image0852,VerticalFilter_MediumFog_Redo_3-21-26_aligned/artwork/image0852.jpeg,archive_gt_matched/artwork/image0852.jpeg,0.004944228829814688,0.000582712605795552
test,artwork,image0862,VerticalFilter_MediumFog_Redo_3-21-26_aligned/artwork/image0862.jpeg,archive_gt_matched/artwork/image0862.jpeg,0.011557091370983461,0.0011524654246991646
test,artwork,image0872,VerticalFilter_MediumFog_Redo_3-21-26_aligned/artwork/image0872.jpeg,archive_gt_matched/artwork/image0872.jpeg,0.016864729924336155,0.0009620779222131318
test,artwork,image0882,VerticalFilter_MediumFog_Redo_3-21-26_aligned/artwork/image0882.png,archive_gt_matched/artwork/image0882.png,0.017832221078818905,0.002592233775787375
test,artwork,image0892,VerticalFilter_MediumFog_Redo_3-21-26_aligned/artwork/image0892.jpeg,archive_gt_matched/artwork/image0892.jpeg,0.023254426021172288,0.0014295797158953205
test,artwork,image0902,VerticalFilter_MediumFog_Redo_3-21-26_aligned/artwork/image0902.jpeg,archive_gt_matched/artwork/image0902.jpeg,0.015634589117819255,0.001927354504317975
test,artwork,image0912,VerticalFilter_MediumFog_Redo_3-21-26_aligned/artwork/image0912.jpeg,archive_gt_matched/artwork/image0912.jpeg,0.041415049553830505,0.0035474719831844123
test,cars,image0000,VerticalFilter_MediumFog_Redo_3-21-26_aligned/cars/image0000.jpg,archive_gt_matched/cars/image0000.jpg,0.02944170406083018,0.004814735856584338
test,cars,image0010,VerticalFilter_MediumFog_Redo_3-21-26_aligned/cars/image0010.jpg,archive_gt_matched/cars/image0010.jpg,0.019191616153213638,0.0028915367013957038
test,cars,image0020,VerticalFilter_MediumFog_Redo_3-21-26_aligned/cars/image0020.jpg,archive_gt_matched/cars/image0020.jpg,0.019808699254308743,0.0032511683077904537
test,cars,image0030,VerticalFilter_MediumFog_Redo_3-21-26_aligned/cars/image0030.jpg,archive_gt_matched/cars/image0030.jpg,0.024750217754940556,0.0028589856396892205
test,cars,image0040,VerticalFilter_MediumFog_Redo_3-21-26_aligned/cars/image0040.jpg,archive_gt_matched/cars/image0040.jpg,0.030941538221839274,0.005041774930822497
test,cars,image0050,VerticalFilter_MediumFog_Redo_3-21-26_aligned/cars/image0050.jpg,archive_gt_matched/cars/image0050.jpg,0.02860616519635908,0.0027862926009827706
test,cars,image0060,VerticalFilter_MediumFog_Redo_3-21-26_aligned/cars/image0060.jpg,archive_gt_matched/cars/image0060.jpg,0.04910940975538885,0.004440892774892834
test,cars,image0070,VerticalFilter_MediumFog_Redo_3-21-26_aligned/cars/image0070.jpg,archive_gt_matched/cars/image0070.jpg,0.039540519277157724,0.004032554296900214
test,cars,image0080,VerticalFilter_MediumFog_Redo_3-21-26_aligned/cars/image0080.jpg,archive_gt_matched/cars/image0080.jpg,0.04917594048070356,0.0035971367156087458
test,cars,image0090,VerticalFilter_MediumFog_Redo_3-21-26_aligned/cars/image0090.jpg,archive_gt_matched/cars/image0090.jpg,0.044791117356525065,0.005379501252959981
test,cars,image0100,VerticalFilter_MediumFog_Redo_3-21-26_aligned/cars/image0100.jpg,archive_gt_matched/cars/image0100.jpg,0.04009094560602679,0.006270358138649038
test,cars,image0110,VerticalFilter_MediumFog_Redo_3-21-26_aligned/cars/image0110.jpg,archive_gt_matched/cars/image0110.jpg,0.047260412194290495,0.0030294599145425528
test,cars,image0120,VerticalFilter_MediumFog_Redo_3-21-26_aligned/cars/image0120.jpg,archive_gt_matched/cars/image0120.jpg,0.05841895992414865,0.0035991199868163804
test,cars,image0130,VerticalFilter_MediumFog_Redo_3-21-26_aligned/cars/image0130.jpg,archive_gt_matched/cars/image0130.jpg,0.06277196947618122,0.004684378732301104
test,cars,image0140,VerticalFilter_MediumFog_Redo_3-21-26_aligned/cars/image0140.jpg,archive_gt_matched/cars/image0140.jpg,0.07063775010524156,0.007290251074072429
test,cars,image0150,VerticalFilter_MediumFog_Redo_3-21-26_aligned/cars/image0150.jpg,archive_gt_matched/cars/image0150.jpg,0.06436330207335744,0.01817355512910655
test,cars,image0160,VerticalFilter_MediumFog_Redo_3-21-26_aligned/cars/image0160.jpg,archive_gt_matched/cars/image0160.jpg,0.05240381647233375,0.008239969861802802
test,cars,image0170,VerticalFilter_MediumFog_Redo_3-21-26_aligned/cars/image0170.jpg,archive_gt_matched/cars/image0170.jpg,0.043529808981231446,0.00394547746384308
test,cars,image0180,VerticalFilter_MediumFog_Redo_3-21-26_aligned/cars/image0180.jpg,archive_gt_matched/cars/image0180.jpg,0.07429242260550045,0.0062590598742062195
test,cars,image0190,VerticalFilter_MediumFog_Redo_3-21-26_aligned/cars/image0190.jpg,archive_gt_matched/cars/image0190.jpg,0.044644502197922376,0.016471449916856496
test,cars,image0200,VerticalFilter_MediumFog_Redo_3-21-26_aligned/cars/image0200.jpg,archive_gt_matched/cars/image0200.jpg,0.09224231175808906,0.005377729522378541
test,cars,image0210,VerticalFilter_MediumFog_Redo_3-21-26_aligned/cars/image0210.jpg,archive_gt_matched/cars/image0210.jpg,0.11500322337454713,0.011300306723285986
test,cars,image0220,VerticalFilter_MediumFog_Redo_3-21-26_aligned/cars/image0220.jpg,archive_gt_matched/cars/image0220.jpg,0.06251510770634076,0.0050907516798988665
test,cars,image0230,VerticalFilter_MediumFog_Redo_3-21-26_aligned/cars/image0230.jpg,archive_gt_matched/cars/image0230.jpg,0.10525969540878716,0.009678819348586254
test,cars,image0240,VerticalFilter_MediumFog_Redo_3-21-26_aligned/cars/image0240.jpg,archive_gt_matched/cars/image0240.jpg,0.08885097192379067,0.007467673706263465
test,cars,image0250,VerticalFilter_MediumFog_Redo_3-21-26_aligned/cars/image0250.jpg,archive_gt_matched/cars/image0250.jpg,0.13081561119584065,0.010366390956745138
test,cars,image0260,VerticalFilter_MediumFog_Redo_3-21-26_aligned/cars/image0260.jpg,archive_gt_matched/cars/image0260.jpg,0.16420039916806264,0.01784827514075499
test,cars,image0270,VerticalFilter_MediumFog_Redo_3-21-26_aligned/cars/image0270.jpg,archive_gt_matched/cars/image0270.jpg,0.11082631031757798,0.11318805574254816
test,cars,image0280,VerticalFilter_MediumFog_Redo_3-21-26_aligned/cars/image0280.jpg,archive_gt_matched/cars/image0280.jpg,0.12287343598678419,0.012631876238014698
test,cars,image0290,VerticalFilter_MediumFog_Redo_3-21-26_aligned/cars/image0290.jpg,archive_gt_matched/cars/image0290.jpg,0.13936263759994472,0.015786285709994193
test,cars,image0300,VerticalFilter_MediumFog_Redo_3-21-26_aligned/cars/image0300.jpg,archive_gt_matched/cars/image0300.jpg,0.06003812794240709,0.009760009971613174
test,cars,image0310,VerticalFilter_MediumFog_Redo_3-21-26_aligned/cars/image0310.jpg,archive_gt_matched/cars/image0310.jpg,0.11019288890542586,0.014342819864018109
test,cars,image0320,VerticalFilter_MediumFog_Redo_3-21-26_aligned/cars/image0320.jpg,archive_gt_matched/cars/image0320.jpg,0.14242591257752857,0.01124380995036469
test,cars,image0330,VerticalFilter_MediumFog_Redo_3-21-26_aligned/cars/image0330.jpg,archive_gt_matched/cars/image0330.jpg,0.11494470402720813,0.012465044641397536
test,cars,image0340,VerticalFilter_MediumFog_Redo_3-21-26_aligned/cars/image0340.jpg,archive_gt_matched/cars/image0340.jpg,0.1626410090988486,0.014839710627580178
test,cars,image0350,VerticalFilter_MediumFog_Redo_3-21-26_aligned/cars/image0350.jpg,archive_gt_matched/cars/image0350.jpg,0.17368042218008795,0.014475068778843614
test,cars,image0360,VerticalFilter_MediumFog_Redo_3-21-26_aligned/cars/image0360.jpg,archive_gt_matched/cars/image0360.jpg,0.14867247473298167,0.015067644402199223
test,cars,image0370,VerticalFilter_MediumFog_Redo_3-21-26_aligned/cars/image0370.jpg,archive_gt_matched/cars/image0370.jpg,0.13196342758152516,0.012680725274433455
test,cars,image0380,VerticalFilter_MediumFog_Redo_3-21-26_aligned/cars/image0380.jpg,archive_gt_matched/cars/image0380.jpg,0.10055819618976358,0.02858281521328554
test,cars,image0390,VerticalFilter_MediumFog_Redo_3-21-26_aligned/cars/image0390.jpg,archive_gt_matched/cars/image0390.jpg,0.15646842385307236,0.00949323609441045
test,cars,image0400,VerticalFilter_MediumFog_Redo_3-21-26_aligned/cars/image0400.jpg,archive_gt_matched/cars/image0400.jpg,0.2445363198345054,0.02542022815364757
test,cars,image0410,VerticalFilter_MediumFog_Redo_3-21-26_aligned/cars/image0410.jpg,archive_gt_matched/cars/image0410.jpg,0.10323100721027771,0.009175990244717306
test,cars,image0420,VerticalFilter_MediumFog_Redo_3-21-26_aligned/cars/image0420.jpg,archive_gt_matched/cars/image0420.jpg,0.189908630978056,0.020856508132021
test,cars,image0430,VerticalFilter_MediumFog_Redo_3-21-26_aligned/cars/image0430.jpg,archive_gt_matched/cars/image0430.jpg,0.17188377186003226,0.016885766532583956
test,cars,image0440,VerticalFilter_MediumFog_Redo_3-21-26_aligned/cars/image0440.jpg,archive_gt_matched/cars/image0440.jpg,0.1624916487013654,0.015051607007846395
test,cars,image0450,VerticalFilter_MediumFog_Redo_3-21-26_aligned/cars/image0450.jpg,archive_gt_matched/cars/image0450.jpg,0.23456448304759026,0.017250259176285386
test,cars,image0460,VerticalFilter_MediumFog_Redo_3-21-26_aligned/cars/image0460.jpg,archive_gt_matched/cars/image0460.jpg,0.22730559880772194,0.012011764781631773
test,cars,image0470,VerticalFilter_MediumFog_Redo_3-21-26_aligned/cars/image0470.jpg,archive_gt_matched/cars/image0470.jpg,0.15832087531480715,0.017806076270988916
test,cars,image0480,VerticalFilter_MediumFog_Redo_3-21-26_aligned/cars/image0480.jpg,archive_gt_matched/cars/image0480.jpg,0.21712660593074304,0.018878791847537317
test,cars,image0490,VerticalFilter_MediumFog_Redo_3-21-26_aligned/cars/image0490.jpg,archive_gt_matched/cars/image0490.jpg,0.16498460633660378,0.01895203834274774
test,cars,image0500,VerticalFilter_MediumFog_Redo_3-21-26_aligned/cars/image0500.jpg,archive_gt_matched/cars/image0500.jpg,0.16824380189650312,0.05535600619804621
test,cars,image0510,VerticalFilter_MediumFog_Redo_3-21-26_aligned/cars/image0510.jpg,archive_gt_matched/cars/image0510.jpg,0.02120917797921344,0.002231074867560611
test,cars,image0520,VerticalFilter_MediumFog_Redo_3-21-26_aligned/cars/image0520.jpg,archive_gt_matched/cars/image0520.jpg,0.018177577405884944,0.0037975197914753714
test,cars,image0530,VerticalFilter_MediumFog_Redo_3-21-26_aligned/cars/image0530.jpg,archive_gt_matched/cars/image0530.jpg,0.009924290383629762,0.0016767597958773216
test,cars,image0540,VerticalFilter_MediumFog_Redo_3-21-26_aligned/cars/image0540.jpg,archive_gt_matched/cars/image0540.jpg,0.033874827335385625,0.0062509124996883
test,cars,image0550,VerticalFilter_MediumFog_Redo_3-21-26_aligned/cars/image0550.jpg,archive_gt_matched/cars/image0550.jpg,0.05108082349374089,0.005479683934622491
test,cars,image0560,VerticalFilter_MediumFog_Redo_3-21-26_aligned/cars/image0560.jpg,archive_gt_matched/cars/image0560.jpg,0.021885309159356676,0.002256508979548543
test,cars,image0570,VerticalFilter_MediumFog_Redo_3-21-26_aligned/cars/image0570.jpg,archive_gt_matched/cars/image0570.jpg,0.013588908958704786,0.0035971826891938747
test,cars,image0580,VerticalFilter_MediumFog_Redo_3-21-26_aligned/cars/image0580.jpg,archive_gt_matched/cars/image0580.jpg,0.04205105081145057,0.003958013588953639
test,cars,image0590,VerticalFilter_MediumFog_Redo_3-21-26_aligned/cars/image0590.jpg,archive_gt_matched/cars/image0590.jpg,0.00701087504377154,0.000943299059992197
test,cars,image0600,VerticalFilter_MediumFog_Redo_3-21-26_aligned/cars/image0600.jpg,archive_gt_matched/cars/image0600.jpg,0.006598016005478394,0.0019772596158378927
test,cars,image0610,VerticalFilter_MediumFog_Redo_3-21-26_aligned/cars/image0610.jpg,archive_gt_matched/cars/image0610.jpg,0.009225144717942186,0.0020046631725444217
test,cars,image0620,VerticalFilter_MediumFog_Redo_3-21-26_aligned/cars/image0620.jpg,archive_gt_matched/cars/image0620.jpg,0.014288107327337818,0.001460828058747741
test,cars,image0630,VerticalFilter_MediumFog_Redo_3-21-26_aligned/cars/image0630.jpg,archive_gt_matched/cars/image0630.jpg,0.01996891811554842,0.004327862933687562
test,cars,image0640,VerticalFilter_MediumFog_Redo_3-21-26_aligned/cars/image0640.jpg,archive_gt_matched/cars/image0640.jpg,0.017610636664299083,0.002775433508536712
test,cars,image0650,VerticalFilter_MediumFog_Redo_3-21-26_aligned/cars/image0650.jpg,archive_gt_matched/cars/image0650.jpg,0.014008042101101681,0.0024867531448364913
test,cars,image0660,VerticalFilter_MediumFog_Redo_3-21-26_aligned/cars/image0660.jpg,archive_gt_matched/cars/image0660.jpg,0.023125246260997233,0.0030976530090485723
test,cars,image0670,VerticalFilter_MediumFog_Redo_3-21-26_aligned/cars/image0670.jpg,archive_gt_matched/cars/image0670.jpg,0.025466755608334245,0.00336371932587698
test,cars,image0680,VerticalFilter_MediumFog_Redo_3-21-26_aligned/cars/image0680.jpg,archive_gt_matched/cars/image0680.jpg,0.026338747182091414,0.0029542263734047085
test,cars,image0690,VerticalFilter_MediumFog_Redo_3-21-26_aligned/cars/image0690.jpg,archive_gt_matched/cars/image0690.jpg,0.0135861280439591,0.0016446502849859722
test,cars,image0700,VerticalFilter_MediumFog_Redo_3-21-26_aligned/cars/image0700.jpg,archive_gt_matched/cars/image0700.jpg,0.02802352100651328,0.007610631229373497
test,cars,image0710,VerticalFilter_MediumFog_Redo_3-21-26_aligned/cars/image0710.jpg,archive_gt_matched/cars/image0710.jpg,0.04101074005317859,0.0031099333080652726
test,cars,image0720,VerticalFilter_MediumFog_Redo_3-21-26_aligned/cars/image0720.jpg,archive_gt_matched/cars/image0720.jpg,0.03212825702361917,0.004185674746061776
test,cars,image0730,VerticalFilter_MediumFog_Redo_3-21-26_aligned/cars/image0730.jpg,archive_gt_matched/cars/image0730.jpg,0.05850517341927952,0.004558068331328434
test,cars,image0740,VerticalFilter_MediumFog_Redo_3-21-26_aligned/cars/image0740.jpg,archive_gt_matched/cars/image0740.jpg,0.037808448327301056,0.004467808307663678
test,cars,image0750,VerticalFilter_MediumFog_Redo_3-21-26_aligned/cars/image0750.jpg,archive_gt_matched/cars/image0750.jpg,0.022504785174186373,0.0022250465391833894
test,cars,image0760,VerticalFilter_MediumFog_Redo_3-21-26_aligned/cars/image0760.jpg,archive_gt_matched/cars/image0760.jpg,0.014435750198799223,0.0016153553517791767
test,cars,image0770,VerticalFilter_MediumFog_Redo_3-21-26_aligned/cars/image0770.jpg,archive_gt_matched/cars/image0770.jpg,0.01610707505658717,0.0018874742214066162
test,cars,image0780,VerticalFilter_MediumFog_Redo_3-21-26_aligned/cars/image0780.jpg,archive_gt_matched/cars/image0780.jpg,0.02069577180971025,0.00223393213265058
test,cars,image0790,VerticalFilter_MediumFog_Redo_3-21-26_aligned/cars/image0790.jpg,archive_gt_matched/cars/image0790.jpg,0.028698166355056745,0.008472222910153492
test,cars,image0800,VerticalFilter_MediumFog_Redo_3-21-26_aligned/cars/image0800.jpg,archive_gt_matched/cars/image0800.jpg,0.02200491950329242,0.0026503306547837
test,cars,image0810,VerticalFilter_MediumFog_Redo_3-21-26_aligned/cars/image0810.jpg,archive_gt_matched/cars/image0810.jpg,0.024670411204013257,0.0031619068774770267
test,cars,image0820,VerticalFilter_MediumFog_Redo_3-21-26_aligned/cars/image0820.jpg,archive_gt_matched/cars/image0820.jpg,0.03805390310315617,0.0033864153203522936
test,cars,image0830,VerticalFilter_MediumFog_Redo_3-21-26_aligned/cars/image0830.jpg,archive_gt_matched/cars/image0830.jpg,0.037246054492099764,0.005063138929184977
test,cars,image0840,VerticalFilter_MediumFog_Redo_3-21-26_aligned/cars/image0840.jpg,archive_gt_matched/cars/image0840.jpg,0.0077173596166868665,0.002325404865482928
test,cars,image0850,VerticalFilter_MediumFog_Redo_3-21-26_aligned/cars/image0850.jpg,archive_gt_matched/cars/image0850.jpg,0.007773367880873254,0.002113874517124608
test,cars,image0860,VerticalFilter_MediumFog_Redo_3-21-26_aligned/cars/image0860.jpg,archive_gt_matched/cars/image0860.jpg,0.008597127463940589,0.0011583212485092808
test,cars,image0870,VerticalFilter_MediumFog_Redo_3-21-26_aligned/cars/image0870.jpg,archive_gt_matched/cars/image0870.jpg,0.02110339530011083,0.001854526550250735
test,cars,image0880,VerticalFilter_MediumFog_Redo_3-21-26_aligned/cars/image0880.jpg,archive_gt_matched/cars/image0880.jpg,0.015689242912246177,0.0015438681948916086
test,cars,image0890,VerticalFilter_MediumFog_Redo_3-21-26_aligned/cars/image0890.jpg,archive_gt_matched/cars/image0890.jpg,0.02107529304765745,0.002364335111402015
test,cars,image0900,VerticalFilter_MediumFog_Redo_3-21-26_aligned/cars/image0900.jpg,archive_gt_matched/cars/image0900.jpg,0.026537322408160792,0.002126543784077623
test,cars,image0910,VerticalFilter_MediumFog_Redo_3-21-26_aligned/cars/image0910.jpg,archive_gt_matched/cars/image0910.jpg,0.03210111577156387,0.0031685704041029303
test,dishes,image0000,VerticalFilter_MediumFog_Redo_3-21-26_aligned/dishes/image0000.jpeg,archive_gt_matched/dishes/image0000.jpeg,0.03410350639727791,0.0020575640961340456
test,dishes,image0010,VerticalFilter_MediumFog_Redo_3-21-26_aligned/dishes/image0010.jpeg,archive_gt_matched/dishes/image0010.jpeg,0.020156267656804873,0.0015720721689765089
test,dishes,image0020,VerticalFilter_MediumFog_Redo_3-21-26_aligned/dishes/image0020.png,archive_gt_matched/dishes/image0020.png,0.01967899418792974,0.0011041883062742344
test,dishes,image0030,VerticalFilter_MediumFog_Redo_3-21-26_aligned/dishes/image0030.jpeg,archive_gt_matched/dishes/image0030.jpeg,0.013515793700907913,0.0014663730567166082
test,dishes,image0040,VerticalFilter_MediumFog_Redo_3-21-26_aligned/dishes/image0040.jpeg,archive_gt_matched/dishes/image0040.jpeg,0.015492130255406682,0.0012160031866908863
test,dishes,image0050,VerticalFilter_MediumFog_Redo_3-21-26_aligned/dishes/image0050.jpeg,archive_gt_matched/dishes/image0050.jpeg,0.020913342039328264,0.002672470943748401
test,dishes,image0060,VerticalFilter_MediumFog_Redo_3-21-26_aligned/dishes/image0060.jpeg,archive_gt_matched/dishes/image0060.jpeg,0.023672736411195865,0.003022688661182453
test,dishes,image0070,VerticalFilter_MediumFog_Redo_3-21-26_aligned/dishes/image0070.jpeg,archive_gt_matched/dishes/image0070.jpeg,0.02937523719178295,0.001857102110017591
test,dishes,image0080,VerticalFilter_MediumFog_Redo_3-21-26_aligned/dishes/image0080.jpeg,archive_gt_matched/dishes/image0080.jpeg,0.031256935291884724,0.0016051575999008368
test,dishes,image0090,VerticalFilter_MediumFog_Redo_3-21-26_aligned/dishes/image0090.jpeg,archive_gt_matched/dishes/image0090.jpeg,0.02830488008666087,0.0013873461800207605
test,dishes,image0100,VerticalFilter_MediumFog_Redo_3-21-26_aligned/dishes/image0100.jpeg,archive_gt_matched/dishes/image0100.jpeg,0.03977064642533056,0.0030143875023341767
test,dishes,image0110,VerticalFilter_MediumFog_Redo_3-21-26_aligned/dishes/image0110.jpeg,archive_gt_matched/dishes/image0110.jpeg,0.03620245934885112,0.0019874604987356603
test,dishes,image0120,VerticalFilter_MediumFog_Redo_3-21-26_aligned/dishes/image0120.jpeg,archive_gt_matched/dishes/image0120.jpeg,0.026605525217811073,0.0010985016000010694
test,dishes,image0130,VerticalFilter_MediumFog_Redo_3-21-26_aligned/dishes/image0130.jpeg,archive_gt_matched/dishes/image0130.jpeg,0.04421079324938805,0.003371656622134162
test,dishes,image0140,VerticalFilter_MediumFog_Redo_3-21-26_aligned/dishes/image0140.jpeg,archive_gt_matched/dishes/image0140.jpeg,0.04178394021709312,0.00319754444565596
test,dishes,image0150,VerticalFilter_MediumFog_Redo_3-21-26_aligned/dishes/image0150.jpeg,archive_gt_matched/dishes/image0150.jpeg,0.08332041475833527,0.006024791443927994
test,dishes,image0160,VerticalFilter_MediumFog_Redo_3-21-26_aligned/dishes/image0160.jpeg,archive_gt_matched/dishes/image0160.jpeg,0.09233684050540891,0.004954135431141735
test,dishes,image0170,VerticalFilter_MediumFog_Redo_3-21-26_aligned/dishes/image0170.jpeg,archive_gt_matched/dishes/image0170.jpeg,0.06336348694679367,0.00634312299756358
test,dishes,image0180,VerticalFilter_MediumFog_Redo_3-21-26_aligned/dishes/image0180.jpeg,archive_gt_matched/dishes/image0180.jpeg,0.04082907138503572,0.00798661976072406
test,dishes,image0190,VerticalFilter_MediumFog_Redo_3-21-26_aligned/dishes/image0190.jpeg,archive_gt_matched/dishes/image0190.jpeg,0.10183328429311347,0.019387727519868222
test,dishes,image0200,VerticalFilter_MediumFog_Redo_3-21-26_aligned/dishes/image0200.jpeg,archive_gt_matched/dishes/image0200.jpeg,0.05963216477742819,0.003502217769527967
test,dishes,image0210,VerticalFilter_MediumFog_Redo_3-21-26_aligned/dishes/image0210.png,archive_gt_matched/dishes/image0210.png,0.04313046759662634,0.0022244442143769787
test,dishes,image0220,VerticalFilter_MediumFog_Redo_3-21-26_aligned/dishes/image0220.jpeg,archive_gt_matched/dishes/image0220.jpeg,0.09189055207624991,0.007605907189427076
test,dishes,image0230,VerticalFilter_MediumFog_Redo_3-21-26_aligned/dishes/image0230.jpeg,archive_gt_matched/dishes/image0230.jpeg,0.08473859457616359,0.004456237289394447
test,dishes,image0240,VerticalFilter_MediumFog_Redo_3-21-26_aligned/dishes/image0240.jpeg,archive_gt_matched/dishes/image0240.jpeg,0.08754682178960704,0.00463756660594023
test,dishes,image0250,VerticalFilter_MediumFog_Redo_3-21-26_aligned/dishes/image0250.jpeg,archive_gt_matched/dishes/image0250.jpeg,0.09533265154016116,0.005283113827045622
test,dishes,image0260,VerticalFilter_MediumFog_Redo_3-21-26_aligned/dishes/image0260.jpeg,archive_gt_matched/dishes/image0260.jpeg,0.11606214166932538,0.008117676891017509
test,dishes,image0270,VerticalFilter_MediumFog_Redo_3-21-26_aligned/dishes/image0270.jpeg,archive_gt_matched/dishes/image0270.jpeg,0.06746236374804496,0.003438764847811607
test,dishes,image0280,VerticalFilter_MediumFog_Redo_3-21-26_aligned/dishes/image0280.jpeg,archive_gt_matched/dishes/image0280.jpeg,0.12864550223175816,0.011459992526443035
test,dishes,image0290,VerticalFilter_MediumFog_Redo_3-21-26_aligned/dishes/image0290.jpeg,archive_gt_matched/dishes/image0290.jpeg,0.06775959968803771,0.018547047402997077
test,dishes,image0300,VerticalFilter_MediumFog_Redo_3-21-26_aligned/dishes/image0300.jpeg,archive_gt_matched/dishes/image0300.jpeg,0.1308719047989731,0.006118402889734905
test,dishes,image0310,VerticalFilter_MediumFog_Redo_3-21-26_aligned/dishes/image0310.jpeg,archive_gt_matched/dishes/image0310.jpeg,0.09491551127142357,0.006774849384142797
test,dishes,image0320,VerticalFilter_MediumFog_Redo_3-21-26_aligned/dishes/image0320.png,archive_gt_matched/dishes/image0320.png,0.14588177264424917,0.007498873205727538
test,dishes,image0330,VerticalFilter_MediumFog_Redo_3-21-26_aligned/dishes/image0330.jpeg,archive_gt_matched/dishes/image0330.jpeg,0.09792446592727677,0.0067269287858412
test,dishes,image0340,VerticalFilter_MediumFog_Redo_3-21-26_aligned/dishes/image0340.jpeg,archive_gt_matched/dishes/image0340.jpeg,0.08674900862580509,0.003479409135869095
test,dishes,image0350,VerticalFilter_MediumFog_Redo_3-21-26_aligned/dishes/image0350.jpeg,archive_gt_matched/dishes/image0350.jpeg,0.09702233360153407,0.005356312231817703
test,dishes,image0360,VerticalFilter_MediumFog_Redo_3-21-26_aligned/dishes/image0360.png,archive_gt_matched/dishes/image0360.png,0.11056495284387266,0.005402411291969962
test,dishes,image0370,VerticalFilter_MediumFog_Redo_3-21-26_aligned/dishes/image0370.jpeg,archive_gt_matched/dishes/image0370.jpeg,0.09357103472050679,0.003985357972755693
test,dishes,image0380,VerticalFilter_MediumFog_Redo_3-21-26_aligned/dishes/image0380.jpeg,archive_gt_matched/dishes/image0380.jpeg,0.09184331483230873,0.028556563096057426
test,dishes,image0390,VerticalFilter_MediumFog_Redo_3-21-26_aligned/dishes/image0390.jpeg,archive_gt_matched/dishes/image0390.jpeg,0.31093877078759913,0.031142156288497414
test,dishes,image0400,VerticalFilter_MediumFog_Redo_3-21-26_aligned/dishes/image0400.jpeg,archive_gt_matched/dishes/image0400.jpeg,0.1436759951145405,0.011000200414848017
test,dishes,image0410,VerticalFilter_MediumFog_Redo_3-21-26_aligned/dishes/image0410.jpeg,archive_gt_matched/dishes/image0410.jpeg,0.1094837023855228,0.005967971602985707
test,dishes,image0420,VerticalFilter_MediumFog_Redo_3-21-26_aligned/dishes/image0420.jpeg,archive_gt_matched/dishes/image0420.jpeg,0.12400476160311061,0.007434355425318945
test,dishes,image0430,VerticalFilter_MediumFog_Redo_3-21-26_aligned/dishes/image0430.jpeg,archive_gt_matched/dishes/image0430.jpeg,0.11353336368809638,0.009978685326826522
test,dishes,image0440,VerticalFilter_MediumFog_Redo_3-21-26_aligned/dishes/image0440.jpeg,archive_gt_matched/dishes/image0440.jpeg,0.13094284453240645,0.01674545413336583
test,dishes,image0450,VerticalFilter_MediumFog_Redo_3-21-26_aligned/dishes/image0450.jpeg,archive_gt_matched/dishes/image0450.jpeg,0.12222772562737427,0.010051489419582478
test,dishes,image0460,VerticalFilter_MediumFog_Redo_3-21-26_aligned/dishes/image0460.jpeg,archive_gt_matched/dishes/image0460.jpeg,0.11714999245082056,0.006091987856683212
test,dishes,image0470,VerticalFilter_MediumFog_Redo_3-21-26_aligned/dishes/image0470.png,archive_gt_matched/dishes/image0470.png,0.13906343287512907,0.01351248461091696
test,dishes,image0480,VerticalFilter_MediumFog_Redo_3-21-26_aligned/dishes/image0480.jpeg,archive_gt_matched/dishes/image0480.jpeg,0.09778204217717265,0.007371026554126505
test,dishes,image0490,VerticalFilter_MediumFog_Redo_3-21-26_aligned/dishes/image0490.jpeg,archive_gt_matched/dishes/image0490.jpeg,0.21121086621668245,0.01858508347874112
test,dishes,image0500,VerticalFilter_MediumFog_Redo_3-21-26_aligned/dishes/image0500.jpeg,archive_gt_matched/dishes/image0500.jpeg,0.1008953790266919,0.009130087820689381
test,dishes,image0510,VerticalFilter_MediumFog_Redo_3-21-26_aligned/dishes/image0510.jpeg,archive_gt_matched/dishes/image0510.jpeg,0.011197284696860564,0.001383980031171621
test,dishes,image0520,VerticalFilter_MediumFog_Redo_3-21-26_aligned/dishes/image0520.jpeg,archive_gt_matched/dishes/image0520.jpeg,0.012302887929504017,0.0013428133517855764
test,dishes,image0530,VerticalFilter_MediumFog_Redo_3-21-26_aligned/dishes/image0530.jpeg,archive_gt_matched/dishes/image0530.jpeg,0.017568516121378698,0.002758511116196587
test,dishes,image0540,VerticalFilter_MediumFog_Redo_3-21-26_aligned/dishes/image0540.jpeg,archive_gt_matched/dishes/image0540.jpeg,0.02426973336832864,0.001579152876890192
test,dishes,image0550,VerticalFilter_MediumFog_Redo_3-21-26_aligned/dishes/image0550.jpeg,archive_gt_matched/dishes/image0550.jpeg,0.026007092953715272,0.008155641088664163
test,dishes,image0560,VerticalFilter_MediumFog_Redo_3-21-26_aligned/dishes/image0560.jpeg,archive_gt_matched/dishes/image0560.jpeg,0.015175536808219276,0.0056404913715715705
test,dishes,image0570,VerticalFilter_MediumFog_Redo_3-21-26_aligned/dishes/image0570.jpeg,archive_gt_matched/dishes/image0570.jpeg,0.011454950838859177,0.0018521267005176848
test,dishes,image0580,VerticalFilter_MediumFog_Redo_3-21-26_aligned/dishes/image0580.jpeg,archive_gt_matched/dishes/image0580.jpeg,0.0297367626648793,0.0017135086882844727
test,dishes,image0590,VerticalFilter_MediumFog_Redo_3-21-26_aligned/dishes/image0590.jpeg,archive_gt_matched/dishes/image0590.jpeg,0.004530646532719318,0.013302431480892475
test,dishes,image0600,VerticalFilter_MediumFog_Redo_3-21-26_aligned/dishes/image0600.jpeg,archive_gt_matched/dishes/image0600.jpeg,0.005269482773273179,0.012577321241644474
test,dishes,image0610,VerticalFilter_MediumFog_Redo_3-21-26_aligned/dishes/image0610.jpeg,archive_gt_matched/dishes/image0610.jpeg,0.006838308195265291,0.001264058117157828
test,dishes,image0620,VerticalFilter_MediumFog_Redo_3-21-26_aligned/dishes/image0620.jpeg,archive_gt_matched/dishes/image0620.jpeg,0.007993692280508093,0.0005607016320209577
test,dishes,image0630,VerticalFilter_MediumFog_Redo_3-21-26_aligned/dishes/image0630.jpeg,archive_gt_matched/dishes/image0630.jpeg,0.010504915653021142,0.007497709065416735
test,dishes,image0640,VerticalFilter_MediumFog_Redo_3-21-26_aligned/dishes/image0640.jpeg,archive_gt_matched/dishes/image0640.jpeg,0.01776222116018683,0.0063026751415665196
test,dishes,image0650,VerticalFilter_MediumFog_Redo_3-21-26_aligned/dishes/image0650.jpeg,archive_gt_matched/dishes/image0650.jpeg,0.010184553134057469,0.0009566758082010925
test,dishes,image0660,VerticalFilter_MediumFog_Redo_3-21-26_aligned/dishes/image0660.jpeg,archive_gt_matched/dishes/image0660.jpeg,0.017488560460018104,0.0029094919130172817
test,dishes,image0671,VerticalFilter_MediumFog_Redo_3-21-26_aligned/dishes/image0671.jpeg,archive_gt_matched/dishes/image0671.jpeg,0.013401380978777997,0.002015264238679612
test,dishes,image0681,VerticalFilter_MediumFog_Redo_3-21-26_aligned/dishes/image0681.jpeg,archive_gt_matched/dishes/image0681.jpeg,0.020553255676020298,0.002150936953536439
test,dishes,image0691,VerticalFilter_MediumFog_Redo_3-21-26_aligned/dishes/image0691.jpeg,archive_gt_matched/dishes/image0691.jpeg,0.01535643917078908,0.002826703550633839
test,dishes,image0701,VerticalFilter_MediumFog_Redo_3-21-26_aligned/dishes/image0701.jpeg,archive_gt_matched/dishes/image0701.jpeg,0.012227139533934218,0.0008772410055848845
test,dishes,image0711,VerticalFilter_MediumFog_Redo_3-21-26_aligned/dishes/image0711.jpeg,archive_gt_matched/dishes/image0711.jpeg,0.022801357156876655,0.0013360867005148096
test,dishes,image0721,VerticalFilter_MediumFog_Redo_3-21-26_aligned/dishes/image0721.jpeg,archive_gt_matched/dishes/image0721.jpeg,0.0437024576535302,0.004159519605919196
test,dishes,image0731,VerticalFilter_MediumFog_Redo_3-21-26_aligned/dishes/image0731.png,archive_gt_matched/dishes/image0731.png,0.05417356982171275,0.001783664881919518
test,dishes,image0741,VerticalFilter_MediumFog_Redo_3-21-26_aligned/dishes/image0741.jpeg,archive_gt_matched/dishes/image0741.jpeg,0.05384707066891655,0.002089560375169663
test,dishes,image0751,VerticalFilter_MediumFog_Redo_3-21-26_aligned/dishes/image0751.jpeg,archive_gt_matched/dishes/image0751.jpeg,0.021787466256576144,0.0024084878220790294
test,dishes,image0761,VerticalFilter_MediumFog_Redo_3-21-26_aligned/dishes/image0761.jpeg,archive_gt_matched/dishes/image0761.jpeg,0.01948506977755351,0.0012651808414304321
test,dishes,image0771,VerticalFilter_MediumFog_Redo_3-21-26_aligned/dishes/image0771.jpeg,archive_gt_matched/dishes/image0771.jpeg,0.017956967500459154,0.0015939703737543871
test,dishes,image0781,VerticalFilter_MediumFog_Redo_3-21-26_aligned/dishes/image0781.jpeg,archive_gt_matched/dishes/image0781.jpeg,0.02064264203930976,0.001633402593064324
test,dishes,image0791,VerticalFilter_MediumFog_Redo_3-21-26_aligned/dishes/image0791.png,archive_gt_matched/dishes/image0791.png,0.036466794497533234,0.004228879522698258
test,dishes,image0801,VerticalFilter_MediumFog_Redo_3-21-26_aligned/dishes/image0801.jpeg,archive_gt_matched/dishes/image0801.jpeg,0.032000688172168786,0.0016244889849497607
test,dishes,image0811,VerticalFilter_MediumFog_Redo_3-21-26_aligned/dishes/image0811.jpeg,archive_gt_matched/dishes/image0811.jpeg,0.04165830420816403,0.0025059853026994654
test,dishes,image0821,VerticalFilter_MediumFog_Redo_3-21-26_aligned/dishes/image0821.jpeg,archive_gt_matched/dishes/image0821.jpeg,0.053915053386619685,0.0065352637809064
test,dishes,image0831,VerticalFilter_MediumFog_Redo_3-21-26_aligned/dishes/image0831.jpeg,archive_gt_matched/dishes/image0831.jpeg,0.0347849088261634,0.0030016269611309954
test,dishes,image0841,VerticalFilter_MediumFog_Redo_3-21-26_aligned/dishes/image0841.jpeg,archive_gt_matched/dishes/image0841.jpeg,0.010217257734012629,0.0019148945769337823
test,dishes,image0851,VerticalFilter_MediumFog_Redo_3-21-26_aligned/dishes/image0851.jpeg,archive_gt_matched/dishes/image0851.jpeg,0.00821178511911499,0.0031978787106149904
test,dishes,image0861,VerticalFilter_MediumFog_Redo_3-21-26_aligned/dishes/image0861.jpeg,archive_gt_matched/dishes/image0861.jpeg,0.017860081389715912,0.002127310465541114
test,dishes,image0871,VerticalFilter_MediumFog_Redo_3-21-26_aligned/dishes/image0871.jpeg,archive_gt_matched/dishes/image0871.jpeg,0.02656334780103638,0.002677754433047076
test,dishes,image0881,VerticalFilter_MediumFog_Redo_3-21-26_aligned/dishes/image0881.png,archive_gt_matched/dishes/image0881.png,0.008631937804972057,0.0007850752994254106
test,dishes,image0891,VerticalFilter_MediumFog_Redo_3-21-26_aligned/dishes/image0891.jpeg,archive_gt_matched/dishes/image0891.jpeg,0.013632075662414745,0.008449427964417198
test,dishes,image0901,VerticalFilter_MediumFog_Redo_3-21-26_aligned/dishes/image0901.jpeg,archive_gt_matched/dishes/image0901.jpeg,0.015674847978188047,0.013809626926499419
test,dishes,image0911,VerticalFilter_MediumFog_Redo_3-21-26_aligned/dishes/image0911.jpeg,archive_gt_matched/dishes/image0911.jpeg,0.02058335578012064,0.005446819129980963
test,furniture,image0000,VerticalFilter_MediumFog_Redo_3-21-26_aligned/furniture/image0000.jpeg,archive_gt_matched/furniture/image0000.jpeg,0.027708437349443615,0.0019888183159834914
test,furniture,image0010,VerticalFilter_MediumFog_Redo_3-21-26_aligned/furniture/image0010.jpeg,archive_gt_matched/furniture/image0010.jpeg,0.013383266656730395,0.0021501426639002038
test,furniture,image0020,VerticalFilter_MediumFog_Redo_3-21-26_aligned/furniture/image0020.jpeg,archive_gt_matched/furniture/image0020.jpeg,0.011764660595536379,0.002459990748575205
test,furniture,image0030,VerticalFilter_MediumFog_Redo_3-21-26_aligned/furniture/image0030.jpeg,archive_gt_matched/furniture/image0030.jpeg,0.012623837651891009,0.007076848249433298
test,furniture,image0040,VerticalFilter_MediumFog_Redo_3-21-26_aligned/furniture/image0040.jpeg,archive_gt_matched/furniture/image0040.jpeg,0.01774048313616019,0.005613497447442268
test,furniture,image0050,VerticalFilter_MediumFog_Redo_3-21-26_aligned/furniture/image0050.jpeg,archive_gt_matched/furniture/image0050.jpeg,0.022628121004625405,0.0022189880776967534
test,furniture,image0060,VerticalFilter_MediumFog_Redo_3-21-26_aligned/furniture/image0060.png,archive_gt_matched/furniture/image0060.png,0.034260963989996666,0.00412711999380663
test,furniture,image0070,VerticalFilter_MediumFog_Redo_3-21-26_aligned/furniture/image0070.jpeg,archive_gt_matched/furniture/image0070.jpeg,0.026137805870667316,0.0022838268601575564
test,furniture,image0080,VerticalFilter_MediumFog_Redo_3-21-26_aligned/furniture/image0080.jpeg,archive_gt_matched/furniture/image0080.jpeg,0.026041340735920505,0.005609708443715138
test,furniture,image0090,VerticalFilter_MediumFog_Redo_3-21-26_aligned/furniture/image0090.jpeg,archive_gt_matched/furniture/image0090.jpeg,0.026612105074054378,0.009627990440381729
test,furniture,image0100,VerticalFilter_MediumFog_Redo_3-21-26_aligned/furniture/image0100.jpeg,archive_gt_matched/furniture/image0100.jpeg,0.027186859024681608,0.006014433678245943
test,furniture,image0110,VerticalFilter_MediumFog_Redo_3-21-26_aligned/furniture/image0110.jpeg,archive_gt_matched/furniture/image0110.jpeg,0.0414068449032936,0.00649564348598209
test,furniture,image0120,VerticalFilter_MediumFog_Redo_3-21-26_aligned/furniture/image0120.jpeg,archive_gt_matched/furniture/image0120.jpeg,0.03637592321623048,0.006946635020183451
test,furniture,image0130,VerticalFilter_MediumFog_Redo_3-21-26_aligned/furniture/image0130.jpeg,archive_gt_matched/furniture/image0130.jpeg,0.048226135101667275,0.005728401354815998
test,furniture,image0140,VerticalFilter_MediumFog_Redo_3-21-26_aligned/furniture/image0140.jpeg,archive_gt_matched/furniture/image0140.jpeg,0.031583868505385276,0.006165003338887493
test,furniture,image0150,VerticalFilter_MediumFog_Redo_3-21-26_aligned/furniture/image0150.jpeg,archive_gt_matched/furniture/image0150.jpeg,0.08700658036048928,0.010146045197184015
test,furniture,image0160,VerticalFilter_MediumFog_Redo_3-21-26_aligned/furniture/image0160.jpeg,archive_gt_matched/furniture/image0160.jpeg,0.03437066812469265,0.003963001648717699
test,furniture,image0170,VerticalFilter_MediumFog_Redo_3-21-26_aligned/furniture/image0170.jpeg,archive_gt_matched/furniture/image0170.jpeg,0.052740452101544724,0.014942838544124325
test,furniture,image0180,VerticalFilter_MediumFog_Redo_3-21-26_aligned/furniture/image0180.jpeg,archive_gt_matched/furniture/image0180.jpeg,0.0647098706892421,0.0052458151319303105
test,furniture,image0190,VerticalFilter_MediumFog_Redo_3-21-26_aligned/furniture/image0190.jpeg,archive_gt_matched/furniture/image0190.jpeg,0.3669538520097685,0.1276114565686537
test,furniture,image0200,VerticalFilter_MediumFog_Redo_3-21-26_aligned/furniture/image0200.jpeg,archive_gt_matched/furniture/image0200.jpeg,0.06252402371611161,0.009313387589678205
test,furniture,image0210,VerticalFilter_MediumFog_Redo_3-21-26_aligned/furniture/image0210.jpeg,archive_gt_matched/furniture/image0210.jpeg,0.09391558094191826,0.017671641620725022
test,furniture,image0220,VerticalFilter_MediumFog_Redo_3-21-26_aligned/furniture/image0220.jpeg,archive_gt_matched/furniture/image0220.jpeg,0.07260163793731872,0.005332934318100612
test,furniture,image0230,VerticalFilter_MediumFog_Redo_3-21-26_aligned/furniture/image0230.jpeg,archive_gt_matched/furniture/image0230.jpeg,0.06545040851375186,0.013159849126004165
test,furniture,image0240,VerticalFilter_MediumFog_Redo_3-21-26_aligned/furniture/image0240.png,archive_gt_matched/furniture/image0240.png,0.1956864235954533,0.00918439273068995
test,furniture,image0250,VerticalFilter_MediumFog_Redo_3-21-26_aligned/furniture/image0250.png,archive_gt_matched/furniture/image0250.png,0.07669796481892505,0.005734115580943465
test,furniture,image0260,VerticalFilter_MediumFog_Redo_3-21-26_aligned/furniture/image0260.jpeg,archive_gt_matched/furniture/image0260.jpeg,0.07310687679620134,0.007673892837447356
test,furniture,image0270,VerticalFilter_MediumFog_Redo_3-21-26_aligned/furniture/image0270.jpeg,archive_gt_matched/furniture/image0270.jpeg,0.06231396401227898,0.004168750927489891
test,furniture,image0280,VerticalFilter_MediumFog_Redo_3-21-26_aligned/furniture/image0280.jpeg,archive_gt_matched/furniture/image0280.jpeg,0.07941282715189357,0.00822936296363444
test,furniture,image0290,VerticalFilter_MediumFog_Redo_3-21-26_aligned/furniture/image0290.jpeg,archive_gt_matched/furniture/image0290.jpeg,0.09184881427934535,0.009614447957527493
test,furniture,image0300,VerticalFilter_MediumFog_Redo_3-21-26_aligned/furniture/image0300.jpeg,archive_gt_matched/furniture/image0300.jpeg,0.11338698001170608,0.011222522225924146
test,furniture,image0310,VerticalFilter_MediumFog_Redo_3-21-26_aligned/furniture/image0310.jpeg,archive_gt_matched/furniture/image0310.jpeg,0.038352605794847776,0.0024306152758619727
test,furniture,image0320,VerticalFilter_MediumFog_Redo_3-21-26_aligned/furniture/image0320.jpeg,archive_gt_matched/furniture/image0320.jpeg,0.0792739804673672,0.0034365702546160907
test,furniture,image0330,VerticalFilter_MediumFog_Redo_3-21-26_aligned/furniture/image0330.jpeg,archive_gt_matched/furniture/image0330.jpeg,0.0572264000614726,0.006014170960212252
test,furniture,image0340,VerticalFilter_MediumFog_Redo_3-21-26_aligned/furniture/image0340.jpeg,archive_gt_matched/furniture/image0340.jpeg,0.04912525708001921,0.0022708550069714113
test,furniture,image0350,VerticalFilter_MediumFog_Redo_3-21-26_aligned/furniture/image0350.jpeg,archive_gt_matched/furniture/image0350.jpeg,0.14058939050769526,0.014508051422008814
test,furniture,image0360,VerticalFilter_MediumFog_Redo_3-21-26_aligned/furniture/image0360.jpeg,archive_gt_matched/furniture/image0360.jpeg,0.14914823389307955,0.009174472759112122
test,furniture,image0370,VerticalFilter_MediumFog_Redo_3-21-26_aligned/furniture/image0370.jpeg,archive_gt_matched/furniture/image0370.jpeg,0.0661771710862125,0.006672621545723039
test,furniture,image0380,VerticalFilter_MediumFog_Redo_3-21-26_aligned/furniture/image0380.jpeg,archive_gt_matched/furniture/image0380.jpeg,0.5263694997844077,0.059307741505823776
test,furniture,image0390,VerticalFilter_MediumFog_Redo_3-21-26_aligned/furniture/image0390.jpeg,archive_gt_matched/furniture/image0390.jpeg,0.11469322763166209,0.04308332790402774
test,furniture,image0400,VerticalFilter_MediumFog_Redo_3-21-26_aligned/furniture/image0400.jpeg,archive_gt_matched/furniture/image0400.jpeg,0.11608568328831534,0.008423557938932708
test,furniture,image0410,VerticalFilter_MediumFog_Redo_3-21-26_aligned/furniture/image0410.jpeg,archive_gt_matched/furniture/image0410.jpeg,0.2009646921018642,0.023015337672138095
test,furniture,image0420,VerticalFilter_MediumFog_Redo_3-21-26_aligned/furniture/image0420.jpeg,archive_gt_matched/furniture/image0420.jpeg,0.04194086755444544,0.004589366409551745
test,furniture,image0430,VerticalFilter_MediumFog_Redo_3-21-26_aligned/furniture/image0430.jpeg,archive_gt_matched/furniture/image0430.jpeg,0.15118717850425972,0.02054453652812831
test,furniture,image0440,VerticalFilter_MediumFog_Redo_3-21-26_aligned/furniture/image0440.jpeg,archive_gt_matched/furniture/image0440.jpeg,0.13743487541846444,0.018214267541408927
test,furniture,image0450,VerticalFilter_MediumFog_Redo_3-21-26_aligned/furniture/image0450.jpeg,archive_gt_matched/furniture/image0450.jpeg,0.1198446149294459,0.007744381881067225
test,furniture,image0460,VerticalFilter_MediumFog_Redo_3-21-26_aligned/furniture/image0460.jpeg,archive_gt_matched/furniture/image0460.jpeg,0.14489508790838435,0.012103585432968588
test,furniture,image0470,VerticalFilter_MediumFog_Redo_3-21-26_aligned/furniture/image0470.jpeg,archive_gt_matched/furniture/image0470.jpeg,0.10306822126392949,0.012594167462174179
test,furniture,image0480,VerticalFilter_MediumFog_Redo_3-21-26_aligned/furniture/image0480.jpeg,archive_gt_matched/furniture/image0480.jpeg,0.14879569598025666,0.01568725939650905
test,furniture,image0490,VerticalFilter_MediumFog_Redo_3-21-26_aligned/furniture/image0490.jpeg,archive_gt_matched/furniture/image0490.jpeg,0.09459394002695909,0.01279667459968454
test,furniture,image0500,VerticalFilter_MediumFog_Redo_3-21-26_aligned/furniture/image0500.jpeg,archive_gt_matched/furniture/image0500.jpeg,0.1719842297139677,0.016464788645504994
test,furniture,image0510,VerticalFilter_MediumFog_Redo_3-21-26_aligned/furniture/image0510.jpeg,archive_gt_matched/furniture/image0510.jpeg,0.015205505571266702,0.0069715514371203255
test,furniture,image0520,VerticalFilter_MediumFog_Redo_3-21-26_aligned/furniture/image0520.jpeg,archive_gt_matched/furniture/image0520.jpeg,0.01931739570165094,0.0011921776623168734
test,furniture,image0530,VerticalFilter_MediumFog_Redo_3-21-26_aligned/furniture/image0530.jpeg,archive_gt_matched/furniture/image0530.jpeg,0.01840427211512634,0.0026894449069917105
test,furniture,image0540,VerticalFilter_MediumFog_Redo_3-21-26_aligned/furniture/image0540.jpeg,archive_gt_matched/furniture/image0540.jpeg,0.024887994457492815,0.002166390843081239
test,furniture,image0550,VerticalFilter_MediumFog_Redo_3-21-26_aligned/furniture/image0550.jpeg,archive_gt_matched/furniture/image0550.jpeg,0.022575592213495307,0.002050665605962395
test,furniture,image0560,VerticalFilter_MediumFog_Redo_3-21-26_aligned/furniture/image0560.jpeg,archive_gt_matched/furniture/image0560.jpeg,0.009698097584673928,0.0007374858788917855
test,furniture,image0570,VerticalFilter_MediumFog_Redo_3-21-26_aligned/furniture/image0570.jpeg,archive_gt_matched/furniture/image0570.jpeg,0.015116965236972209,0.000996269979420973
test,furniture,image0580,VerticalFilter_MediumFog_Redo_3-21-26_aligned/furniture/image0580.jpeg,archive_gt_matched/furniture/image0580.jpeg,0.029463718441247483,0.0022266993643258208
test,furniture,image0590,VerticalFilter_MediumFog_Redo_3-21-26_aligned/furniture/image0590.jpeg,archive_gt_matched/furniture/image0590.jpeg,0.0033807557256636932,0.002365203794192471
test,furniture,image0600,VerticalFilter_MediumFog_Redo_3-21-26_aligned/furniture/image0600.jpeg,archive_gt_matched/furniture/image0600.jpeg,0.008242684278262528,0.0023601870073377356
test,furniture,image0610,VerticalFilter_MediumFog_Redo_3-21-26_aligned/furniture/image0610.jpeg,archive_gt_matched/furniture/image0610.jpeg,0.008043288352081337,0.001658436022165303
test,furniture,image0620,VerticalFilter_MediumFog_Redo_3-21-26_aligned/furniture/image0620.jpeg,archive_gt_matched/furniture/image0620.jpeg,0.005011477776641902,0.0008318625129140464
test,furniture,image0630,VerticalFilter_MediumFog_Redo_3-21-26_aligned/furniture/image0630.jpeg,archive_gt_matched/furniture/image0630.jpeg,0.007645450343550062,0.002162342646106205
test,furniture,image0640,VerticalFilter_MediumFog_Redo_3-21-26_aligned/furniture/image0640.jpeg,archive_gt_matched/furniture/image0640.jpeg,0.01514110193333398,0.0017841389351115977
test,furniture,image0650,VerticalFilter_MediumFog_Redo_3-21-26_aligned/furniture/image0650.jpeg,archive_gt_matched/furniture/image0650.jpeg,0.01536539542231733,0.0018400688410833796
test,furniture,image0660,VerticalFilter_MediumFog_Redo_3-21-26_aligned/furniture/image0660.jpeg,archive_gt_matched/furniture/image0660.jpeg,0.015946595157448715,0.0038450780383547213
test,furniture,image0670,VerticalFilter_MediumFog_Redo_3-21-26_aligned/furniture/image0670.jpeg,archive_gt_matched/furniture/image0670.jpeg,0.029991454363424958,0.007225574485467075
test,furniture,image0680,VerticalFilter_MediumFog_Redo_3-21-26_aligned/furniture/image0680.jpeg,archive_gt_matched/furniture/image0680.jpeg,0.011444533727915856,0.0014782205703012985
test,furniture,image0690,VerticalFilter_MediumFog_Redo_3-21-26_aligned/furniture/image0690.jpeg,archive_gt_matched/furniture/image0690.jpeg,0.024365206761845185,0.003031035254699917
test,furniture,image0700,VerticalFilter_MediumFog_Redo_3-21-26_aligned/furniture/image0700.jpeg,archive_gt_matched/furniture/image0700.jpeg,0.010699394509172403,0.0011700672344430161
test,furniture,image0710,VerticalFilter_MediumFog_Redo_3-21-26_aligned/furniture/image0710.jpeg,archive_gt_matched/furniture/image0710.jpeg,0.01259625440204799,0.002628937447665862
test,furniture,image0720,VerticalFilter_MediumFog_Redo_3-21-26_aligned/furniture/image0720.jpeg,archive_gt_matched/furniture/image0720.jpeg,0.020813538740857507,0.004641482735142219
test,furniture,image0730,VerticalFilter_MediumFog_Redo_3-21-26_aligned/furniture/image0730.jpeg,archive_gt_matched/furniture/image0730.jpeg,0.04049093028105893,0.0028314786485278817
test,furniture,image0740,VerticalFilter_MediumFog_Redo_3-21-26_aligned/furniture/image0740.jpeg,archive_gt_matched/furniture/image0740.jpeg,0.04432795465739003,0.006355919739982699
test,furniture,image0750,VerticalFilter_MediumFog_Redo_3-21-26_aligned/furniture/image0750.jpeg,archive_gt_matched/furniture/image0750.jpeg,0.012798404564916458,0.002416511147544517
test,furniture,image0760,VerticalFilter_MediumFog_Redo_3-21-26_aligned/furniture/image0760.png,archive_gt_matched/furniture/image0760.png,0.010005245928440213,0.0033559040747082334
test,furniture,image0770,VerticalFilter_MediumFog_Redo_3-21-26_aligned/furniture/image0770.jpeg,archive_gt_matched/furniture/image0770.jpeg,0.009009138107433649,0.0021545298555828577
test,furniture,image0780,VerticalFilter_MediumFog_Redo_3-21-26_aligned/furniture/image0780.jpeg,archive_gt_matched/furniture/image0780.jpeg,0.0061235212165028155,0.004477497738674816
test,furniture,image0790,VerticalFilter_MediumFog_Redo_3-21-26_aligned/furniture/image0790.jpeg,archive_gt_matched/furniture/image0790.jpeg,0.013925571698357444,0.005052879063709363
test,furniture,image0800,VerticalFilter_MediumFog_Redo_3-21-26_aligned/furniture/image0800.jpeg,archive_gt_matched/furniture/image0800.jpeg,0.009058738208705532,0.002140640585982087
test,furniture,image0810,VerticalFilter_MediumFog_Redo_3-21-26_aligned/furniture/image0810.jpeg,archive_gt_matched/furniture/image0810.jpeg,0.015662891587105134,0.003554293251295041
test,furniture,image0820,VerticalFilter_MediumFog_Redo_3-21-26_aligned/furniture/image0820.jpeg,archive_gt_matched/furniture/image0820.jpeg,0.029584283508362168,0.026666655787815866
test,furniture,image0830,VerticalFilter_MediumFog_Redo_3-21-26_aligned/furniture/image0830.jpeg,archive_gt_matched/furniture/image0830.jpeg,0.030624657181890884,0.004762058686907066
test,furniture,image0840,VerticalFilter_MediumFog_Redo_3-21-26_aligned/furniture/image0840.jpeg,archive_gt_matched/furniture/image0840.jpeg,0.008717152174080426,0.0014025116443373302
test,furniture,image0850,VerticalFilter_MediumFog_Redo_3-21-26_aligned/furniture/image0850.jpeg,archive_gt_matched/furniture/image0850.jpeg,0.004285918658142618,0.004225933035014423
test,furniture,image0860,VerticalFilter_MediumFog_Redo_3-21-26_aligned/furniture/image0860.jpeg,archive_gt_matched/furniture/image0860.jpeg,0.005922716591190792,0.0018869814084076925
test,furniture,image0870,VerticalFilter_MediumFog_Redo_3-21-26_aligned/furniture/image0870.jpeg,archive_gt_matched/furniture/image0870.jpeg,0.008328750038184816,0.0004887088190302325
test,furniture,image0880,VerticalFilter_MediumFog_Redo_3-21-26_aligned/furniture/image0880.jpeg,archive_gt_matched/furniture/image0880.jpeg,0.01246136263399053,0.0015789480307379043
test,furniture,image0890,VerticalFilter_MediumFog_Redo_3-21-26_aligned/furniture/image0890.png,archive_gt_matched/furniture/image0890.png,0.013574306706355996,0.0009732714821608619
test,furniture,image0900,VerticalFilter_MediumFog_Redo_3-21-26_aligned/furniture/image0900.jpeg,archive_gt_matched/furniture/image0900.jpeg,0.01959698018966688,0.0036167164321037125
test,furniture,image0910,VerticalFilter_MediumFog_Redo_3-21-26_aligned/furniture/image0910.jpeg,archive_gt_matched/furniture/image0910.jpeg,0.011952514160081147,0.00554120229248766
test,illustrations,image0000,VerticalFilter_MediumFog_Redo_3-21-26_aligned/illustrations/image0000.jpeg,archive_gt_matched/illustrations/image0000.jpeg,0.011116457636165651,0.0012368408342901729
test,illustrations,image0010,VerticalFilter_MediumFog_Redo_3-21-26_aligned/illustrations/image0010.jpeg,archive_gt_matched/illustrations/image0010.jpeg,0.014713898421583,0.0009771204512560108
test,illustrations,image0020,VerticalFilter_MediumFog_Redo_3-21-26_aligned/illustrations/image0020.jpeg,archive_gt_matched/illustrations/image0020.jpeg,0.02027825048368577,0.002438061427889036
test,illustrations,image0030,VerticalFilter_MediumFog_Redo_3-21-26_aligned/illustrations/image0030.jpeg,archive_gt_matched/illustrations/image0030.jpeg,0.013032402835557691,0.00334631955515594
test,illustrations,image0040,VerticalFilter_MediumFog_Redo_3-21-26_aligned/illustrations/image0040.jpeg,archive_gt_matched/illustrations/image0040.jpeg,0.023258235343924828,0.0022087748467703654
test,illustrations,image0050,VerticalFilter_MediumFog_Redo_3-21-26_aligned/illustrations/image0050.png,archive_gt_matched/illustrations/image0050.png,0.012329733439172562,0.0006828652045474544
test,illustrations,image0060,VerticalFilter_MediumFog_Redo_3-21-26_aligned/illustrations/image0060.png,archive_gt_matched/illustrations/image0060.png,0.017230062572130785,0.0007402782966082118
test,illustrations,image0070,VerticalFilter_MediumFog_Redo_3-21-26_aligned/illustrations/image0070.jpeg,archive_gt_matched/illustrations/image0070.jpeg,0.026167330221147353,0.001025764099598522
test,illustrations,image0080,VerticalFilter_MediumFog_Redo_3-21-26_aligned/illustrations/image0080.png,archive_gt_matched/illustrations/image0080.png,0.03191173613972409,0.0030827430023742533
test,illustrations,image0090,VerticalFilter_MediumFog_Redo_3-21-26_aligned/illustrations/image0090.jpeg,archive_gt_matched/illustrations/image0090.jpeg,0.022442228905715546,0.0013211946706240378
test,illustrations,image0100,VerticalFilter_MediumFog_Redo_3-21-26_aligned/illustrations/image0100.png,archive_gt_matched/illustrations/image0100.png,0.03121496871687144,0.002540520828089156
test,illustrations,image0110,VerticalFilter_MediumFog_Redo_3-21-26_aligned/illustrations/image0110.jpeg,archive_gt_matched/illustrations/image0110.jpeg,0.022500155247743535,0.0016112044411015873
test,illustrations,image0120,VerticalFilter_MediumFog_Redo_3-21-26_aligned/illustrations/image0120.jpeg,archive_gt_matched/illustrations/image0120.jpeg,0.07794186313560426,0.003616179983199562
test,illustrations,image0130,VerticalFilter_MediumFog_Redo_3-21-26_aligned/illustrations/image0130.jpeg,archive_gt_matched/illustrations/image0130.jpeg,0.027421411041097896,0.0014908350753651662
test,illustrations,image0140,VerticalFilter_MediumFog_Redo_3-21-26_aligned/illustrations/image0140.jpeg,archive_gt_matched/illustrations/image0140.jpeg,0.03342066583827158,0.0015386522092790767
test,illustrations,image0150,VerticalFilter_MediumFog_Redo_3-21-26_aligned/illustrations/image0150.jpeg,archive_gt_matched/illustrations/image0150.jpeg,0.027160363752034532,0.0010783000250632747
test,illustrations,image0160,VerticalFilter_MediumFog_Redo_3-21-26_aligned/illustrations/image0160.png,archive_gt_matched/illustrations/image0160.png,0.03410126847079242,0.0026044068281422857
test,illustrations,image0170,VerticalFilter_MediumFog_Redo_3-21-26_aligned/illustrations/image0170.png,archive_gt_matched/illustrations/image0170.png,0.03589580349492049,0.0035624775056805843
test,illustrations,image0180,VerticalFilter_MediumFog_Redo_3-21-26_aligned/illustrations/image0180.jpeg,archive_gt_matched/illustrations/image0180.jpeg,0.02961062418124981,0.0018766642681207677
test,illustrations,image0190,VerticalFilter_MediumFog_Redo_3-21-26_aligned/illustrations/image0190.png,archive_gt_matched/illustrations/image0190.png,0.07618770725832846,0.06785008182578596
test,illustrations,image0200,VerticalFilter_MediumFog_Redo_3-21-26_aligned/illustrations/image0200.png,archive_gt_matched/illustrations/image0200.png,0.05011365973624676,0.002901027850176385
test,illustrations,image0210,VerticalFilter_MediumFog_Redo_3-21-26_aligned/illustrations/image0210.jpeg,archive_gt_matched/illustrations/image0210.jpeg,0.03411520042487031,0.0017066798757591109
test,illustrations,image0220,VerticalFilter_MediumFog_Redo_3-21-26_aligned/illustrations/image0220.png,archive_gt_matched/illustrations/image0220.png,0.03201361169348041,0.001616344631566823
test,illustrations,image0230,VerticalFilter_MediumFog_Redo_3-21-26_aligned/illustrations/image0230.jpeg,archive_gt_matched/illustrations/image0230.jpeg,0.08991791200877228,0.004334153894357044
test,illustrations,image0240,VerticalFilter_MediumFog_Redo_3-21-26_aligned/illustrations/image0240.jpeg,archive_gt_matched/illustrations/image0240.jpeg,0.0922092143082056,0.009063905630391904
test,illustrations,image0250,VerticalFilter_MediumFog_Redo_3-21-26_aligned/illustrations/image0250.png,archive_gt_matched/illustrations/image0250.png,0.09092391451334536,0.004941256310134027
test,illustrations,image0260,VerticalFilter_MediumFog_Redo_3-21-26_aligned/illustrations/image0260.jpeg,archive_gt_matched/illustrations/image0260.jpeg,0.04203644147126265,0.004755491637220165
test,illustrations,image0270,VerticalFilter_MediumFog_Redo_3-21-26_aligned/illustrations/image0270.jpeg,archive_gt_matched/illustrations/image0270.jpeg,0.04933146148997748,0.005837799291347068
test,illustrations,image0280,VerticalFilter_MediumFog_Redo_3-21-26_aligned/illustrations/image0280.jpeg,archive_gt_matched/illustrations/image0280.jpeg,0.049397163932497046,0.0029265413361439147
test,illustrations,image0290,VerticalFilter_MediumFog_Redo_3-21-26_aligned/illustrations/image0290.jpeg,archive_gt_matched/illustrations/image0290.jpeg,0.1271498741945594,0.009649677867119719
test,illustrations,image0300,VerticalFilter_MediumFog_Redo_3-21-26_aligned/illustrations/image0300.jpeg,archive_gt_matched/illustrations/image0300.jpeg,0.05279573271664888,0.004656895500124309
test,illustrations,image0310,VerticalFilter_MediumFog_Redo_3-21-26_aligned/illustrations/image0310.jpeg,archive_gt_matched/illustrations/image0310.jpeg,0.07165396626125786,0.005588596658702977
test,illustrations,image0320,VerticalFilter_MediumFog_Redo_3-21-26_aligned/illustrations/image0320.jpeg,archive_gt_matched/illustrations/image0320.jpeg,0.06629315400177005,0.004901210412692941
test,illustrations,image0330,VerticalFilter_MediumFog_Redo_3-21-26_aligned/illustrations/image0330.jpeg,archive_gt_matched/illustrations/image0330.jpeg,0.048899939758279526,0.001977784585969093
test,illustrations,image0340,VerticalFilter_MediumFog_Redo_3-21-26_aligned/illustrations/image0340.jpeg,archive_gt_matched/illustrations/image0340.jpeg,0.08674559758699713,0.006648585106584763
test,illustrations,image0350,VerticalFilter_MediumFog_Redo_3-21-26_aligned/illustrations/image0350.jpeg,archive_gt_matched/illustrations/image0350.jpeg,0.10794965682266837,0.008277061277104087
test,illustrations,image0360,VerticalFilter_MediumFog_Redo_3-21-26_aligned/illustrations/image0360.jpeg,archive_gt_matched/illustrations/image0360.jpeg,0.06107765636894971,0.004568468422780419
test,illustrations,image0370,VerticalFilter_MediumFog_Redo_3-21-26_aligned/illustrations/image0370.jpeg,archive_gt_matched/illustrations/image0370.jpeg,0.10294995782208978,0.0064071955132733015
test,illustrations,image0380,VerticalFilter_MediumFog_Redo_3-21-26_aligned/illustrations/image0380.png,archive_gt_matched/illustrations/image0380.png,0.06383216277405569,0.019643681876438213
test,illustrations,image0390,VerticalFilter_MediumFog_Redo_3-21-26_aligned/illustrations/image0390.jpeg,archive_gt_matched/illustrations/image0390.jpeg,0.07499317446764164,0.004684166493153703
test,illustrations,image0400,VerticalFilter_MediumFog_Redo_3-21-26_aligned/illustrations/image0400.jpeg,archive_gt_matched/illustrations/image0400.jpeg,0.062050671762863885,0.005139822225757372
test,illustrations,image0410,VerticalFilter_MediumFog_Redo_3-21-26_aligned/illustrations/image0410.jpeg,archive_gt_matched/illustrations/image0410.jpeg,0.1395922944663669,0.014991557971890206
test,illustrations,image0420,VerticalFilter_MediumFog_Redo_3-21-26_aligned/illustrations/image0420.jpeg,archive_gt_matched/illustrations/image0420.jpeg,0.08049501820142542,0.007070228927938916
test,illustrations,image0430,VerticalFilter_MediumFog_Redo_3-21-26_aligned/illustrations/image0430.jpeg,archive_gt_matched/illustrations/image0430.jpeg,0.07798242669908154,0.005387031949806895
test,illustrations,image0440,VerticalFilter_MediumFog_Redo_3-21-26_aligned/illustrations/image0440.jpeg,archive_gt_matched/illustrations/image0440.jpeg,0.08998861819361488,0.007143539281174938
test,illustrations,image0450,VerticalFilter_MediumFog_Redo_3-21-26_aligned/illustrations/image0450.jpeg,archive_gt_matched/illustrations/image0450.jpeg,0.06641534324439523,0.004261609580814907
test,illustrations,image0460,VerticalFilter_MediumFog_Redo_3-21-26_aligned/illustrations/image0460.jpeg,archive_gt_matched/illustrations/image0460.jpeg,0.09717190826397376,0.00950929527603905
test,illustrations,image0470,VerticalFilter_MediumFog_Redo_3-21-26_aligned/illustrations/image0470.jpeg,archive_gt_matched/illustrations/image0470.jpeg,0.29837001957262294,0.01669171412404569
test,illustrations,image0480,VerticalFilter_MediumFog_Redo_3-21-26_aligned/illustrations/image0480.jpeg,archive_gt_matched/illustrations/image0480.jpeg,0.2801768788263471,0.014198647844848063
test,illustrations,image0490,VerticalFilter_MediumFog_Redo_3-21-26_aligned/illustrations/image0490.jpeg,archive_gt_matched/illustrations/image0490.jpeg,0.16330081277967923,0.010034221230649077
test,illustrations,image0500,VerticalFilter_MediumFog_Redo_3-21-26_aligned/illustrations/image0500.jpeg,archive_gt_matched/illustrations/image0500.jpeg,0.4444353650635309,0.019028194853593194
test,illustrations,image0510,VerticalFilter_MediumFog_Redo_3-21-26_aligned/illustrations/image0510.png,archive_gt_matched/illustrations/image0510.png,0.0064399272897228375,0.0005430589245023486
test,illustrations,image0520,VerticalFilter_MediumFog_Redo_3-21-26_aligned/illustrations/image0520.jpeg,archive_gt_matched/illustrations/image0520.jpeg,0.016262492002151182,0.002855362748193378
test,illustrations,image0530,VerticalFilter_MediumFog_Redo_3-21-26_aligned/illustrations/image0530.jpeg,archive_gt_matched/illustrations/image0530.jpeg,0.044894169584499675,0.004286552488979527
test,illustrations,image0540,VerticalFilter_MediumFog_Redo_3-21-26_aligned/illustrations/image0540.jpeg,archive_gt_matched/illustrations/image0540.jpeg,0.02353833879994912,0.004015334741230342
test,illustrations,image0550,VerticalFilter_MediumFog_Redo_3-21-26_aligned/illustrations/image0550.jpeg,archive_gt_matched/illustrations/image0550.jpeg,0.04275072648839197,0.0028654169574666623
test,illustrations,image0560,VerticalFilter_MediumFog_Redo_3-21-26_aligned/illustrations/image0560.jpeg,archive_gt_matched/illustrations/image0560.jpeg,0.027696553309873154,0.0015527763300630223
test,illustrations,image0570,VerticalFilter_MediumFog_Redo_3-21-26_aligned/illustrations/image0570.jpeg,archive_gt_matched/illustrations/image0570.jpeg,0.014752602267638052,0.0013891364751169397
test,illustrations,image0580,VerticalFilter_MediumFog_Redo_3-21-26_aligned/illustrations/image0580.jpeg,archive_gt_matched/illustrations/image0580.jpeg,0.03254284814339031,0.0016177524980456625
test,illustrations,image0590,VerticalFilter_MediumFog_Redo_3-21-26_aligned/illustrations/image0590.jpeg,archive_gt_matched/illustrations/image0590.jpeg,0.005416025083530417,0.0007657056491185741
test,illustrations,image0600,VerticalFilter_MediumFog_Redo_3-21-26_aligned/illustrations/image0600.jpeg,archive_gt_matched/illustrations/image0600.jpeg,0.00830901990927392,0.0005967254857631933
test,illustrations,image0610,VerticalFilter_MediumFog_Redo_3-21-26_aligned/illustrations/image0610.jpeg,archive_gt_matched/illustrations/image0610.jpeg,0.0064331089037508605,0.0007088683774113284
test,illustrations,image0620,VerticalFilter_MediumFog_Redo_3-21-26_aligned/illustrations/image0620.jpeg,archive_gt_matched/illustrations/image0620.jpeg,0.007571067280710872,0.0010976087323550702
test,illustrations,image0630,VerticalFilter_MediumFog_Redo_3-21-26_aligned/illustrations/image0630.jpeg,archive_gt_matched/illustrations/image0630.jpeg,0.020256935282305245,0.0023273461359738907
test,illustrations,image0640,VerticalFilter_MediumFog_Redo_3-21-26_aligned/illustrations/image0640.jpeg,archive_gt_matched/illustrations/image0640.jpeg,0.019843337208144733,0.0037149623090562294
test,illustrations,image0650,VerticalFilter_MediumFog_Redo_3-21-26_aligned/illustrations/image0650.jpeg,archive_gt_matched/illustrations/image0650.jpeg,0.022407025585476647,0.0016658563480137518
test,illustrations,image0660,VerticalFilter_MediumFog_Redo_3-21-26_aligned/illustrations/image0660.png,archive_gt_matched/illustrations/image0660.png,0.012769100264252303,0.0007322367083702494
test,illustrations,image0670,VerticalFilter_MediumFog_Redo_3-21-26_aligned/illustrations/image0670.jpeg,archive_gt_matched/illustrations/image0670.jpeg,0.041483001442815914,0.0024366123365332304
test,illustrations,image0680,VerticalFilter_MediumFog_Redo_3-21-26_aligned/illustrations/image0680.jpeg,archive_gt_matched/illustrations/image0680.jpeg,0.014794782684782383,0.0006594647947177261
test,illustrations,image0690,VerticalFilter_MediumFog_Redo_3-21-26_aligned/illustrations/image0690.jpeg,archive_gt_matched/illustrations/image0690.jpeg,0.015296658932617887,0.0005525310599891795
test,illustrations,image0700,VerticalFilter_MediumFog_Redo_3-21-26_aligned/illustrations/image0700.jpeg,archive_gt_matched/illustrations/image0700.jpeg,0.04267614475394383,0.0028563056009912437
test,illustrations,image0710,VerticalFilter_MediumFog_Redo_3-21-26_aligned/illustrations/image0710.jpeg,archive_gt_matched/illustrations/image0710.jpeg,0.034497100211709764,0.002906412837491255
test,illustrations,image0720,VerticalFilter_MediumFog_Redo_3-21-26_aligned/illustrations/image0720.jpeg,archive_gt_matched/illustrations/image0720.jpeg,0.04080334270776424,0.003955072259497387
test,illustrations,image0730,VerticalFilter_MediumFog_Redo_3-21-26_aligned/illustrations/image0730.jpeg,archive_gt_matched/illustrations/image0730.jpeg,0.01603343277063224,0.0006558200694049172
test,illustrations,image0740,VerticalFilter_MediumFog_Redo_3-21-26_aligned/illustrations/image0740.jpeg,archive_gt_matched/illustrations/image0740.jpeg,0.03978450253159916,0.002584433181283567
test,illustrations,image0751,VerticalFilter_MediumFog_Redo_3-21-26_aligned/illustrations/image0751.jpeg,archive_gt_matched/illustrations/image0751.jpeg,0.02043538787122441,0.00285179099517898
test,illustrations,image0761,VerticalFilter_MediumFog_Redo_3-21-26_aligned/illustrations/image0761.jpeg,archive_gt_matched/illustrations/image0761.jpeg,0.01724077604884334,0.005595246919316462
test,illustrations,image0771,VerticalFilter_MediumFog_Redo_3-21-26_aligned/illustrations/image0771.jpeg,archive_gt_matched/illustrations/image0771.jpeg,0.02216283632718919,0.004203227489051119
test,illustrations,image0781,VerticalFilter_MediumFog_Redo_3-21-26_aligned/illustrations/image0781.jpeg,archive_gt_matched/illustrations/image0781.jpeg,0.030540400555763285,0.003965344658538929
test,illustrations,image0791,VerticalFilter_MediumFog_Redo_3-21-26_aligned/illustrations/image0791.jpeg,archive_gt_matched/illustrations/image0791.jpeg,0.022157934776094824,0.003907280693589945
test,illustrations,image0801,VerticalFilter_MediumFog_Redo_3-21-26_aligned/illustrations/image0801.jpeg,archive_gt_matched/illustrations/image0801.jpeg,0.029635423860360104,0.0020139830962137436
test,illustrations,image0811,VerticalFilter_MediumFog_Redo_3-21-26_aligned/illustrations/image0811.jpeg,archive_gt_matched/illustrations/image0811.jpeg,0.03492457581524931,0.0028737795415789955
test,illustrations,image0821,VerticalFilter_MediumFog_Redo_3-21-26_aligned/illustrations/image0821.jpeg,archive_gt_matched/illustrations/image0821.jpeg,0.012230166168120442,0.0007289260949608241
test,illustrations,image0831,VerticalFilter_MediumFog_Redo_3-21-26_aligned/illustrations/image0831.png,archive_gt_matched/illustrations/image0831.png,0.03618040757527417,0.003296323909831776
test,illustrations,image0841,VerticalFilter_MediumFog_Redo_3-21-26_aligned/illustrations/image0841.jpeg,archive_gt_matched/illustrations/image0841.jpeg,0.011133075110180449,0.0031092859776445866
test,illustrations,image0851,VerticalFilter_MediumFog_Redo_3-21-26_aligned/illustrations/image0851.jpeg,archive_gt_matched/illustrations/image0851.jpeg,0.010242418418860592,0.0011855557056833534
test,illustrations,image0861,VerticalFilter_MediumFog_Redo_3-21-26_aligned/illustrations/image0861.jpeg,archive_gt_matched/illustrations/image0861.jpeg,0.0065495746958957445,0.001645994872827748
test,illustrations,image0871,VerticalFilter_MediumFog_Redo_3-21-26_aligned/illustrations/image0871.jpeg,archive_gt_matched/illustrations/image0871.jpeg,0.018706245253207493,0.0075051260934395556
test,illustrations,image0881,VerticalFilter_MediumFog_Redo_3-21-26_aligned/illustrations/image0881.jpeg,archive_gt_matched/illustrations/image0881.jpeg,0.025051968797378893,0.0037400978895466624
test,illustrations,image0891,VerticalFilter_MediumFog_Redo_3-21-26_aligned/illustrations/image0891.jpeg,archive_gt_matched/illustrations/image0891.jpeg,0.029580215461057872,0.003478182484923297
test,illustrations,image0901,VerticalFilter_MediumFog_Redo_3-21-26_aligned/illustrations/image0901.jpeg,archive_gt_matched/illustrations/image0901.jpeg,0.028401716097001827,0.0015548585919720362
test,illustrations,image0911,VerticalFilter_MediumFog_Redo_3-21-26_aligned/illustrations/image0911.jpeg,archive_gt_matched/illustrations/image0911.jpeg,0.018149079356960716,0.006409271734462028
